name,day,x_au,y_au,z_au
433 Eros,0.0,0.5658909726820318,1.0964123914352502,0.2075891422957715
433 Eros,3.231332409011234,0.5153731977197054,1.1120921316943466,0.20129709714351843
433 Eros,6.462664818022468,0.46402492285814567,1.1259790640931568,0.19468059314778657
433 Eros,9.693997227033702,0.4119127735987454,1.1380116140244954,0.1877435207345773
433 Eros,12.925329636044935,0.3591082452331613,1.1481303909050224,0.18049077518401366
433 Eros,16.15666204505617,0.3056877038236035,1.1562786396863307,0.17292830545080307
433 Eros,19.387994454067403,0.2517323432000681,1.1624027132168906,0.16506315828253748
433 Eros,22.619326863078637,0.19732809330688322,1.1664525611295697,0.15690351643212413
433 Eros,25.85065927208987,0.14256547560537758,1.1683822299731497,0.148458729716734
433 Eros,29.081991681101105,0.08753940179989927,1.1681503683514627,0.1397393376612895
433 Eros,32.31332409011234,0.0323489129122001,1.1657207299177876,0.13075708248552093
433 Eros,35.544656499123576,-0.022903143311227114,1.1610626662378742,0.1215249112553162
433 Eros,38.775988908134806,-0.0781104975188357,1.1541516008292028,0.11205696612558434
433 Eros,42.00732131714604,-0.1331639059255268,1.1449694751554051,0.10236856175583631
433 Eros,45.238653726157274,-0.1879516575747126,1.1335051570508121,0.09247614918172638
433 Eros,48.46998613516851,-0.24236013813388968,1.1197548020141685,0.08239726567407069
433 Eros,51.70131854417974,-0.2962744450141834,1.1037221580782257,0.07215047040681027
433 Eros,54.93265095319097,-0.34957904695865366,1.0854188055572351,0.0617552660795764
433 Eros,58.16398336220221,-0.402158479676173,1.0648643239068192,0.05123200698876733
433 Eros,61.39531577121345,-0.4538980676823801,1.0420863791923667,0.0406017944006598
433 Eros,64.62664818022468,-0.5046846613204138,1.017120727226461,0.029886360436526836
433 Eros,67.85798058923591,-0.5544073770401841,0.9900111292573182,0.019107942017307162
433 Eros,71.08931299824715,-0.6029583284729766,0.9608091791056163,0.008289146718231971
433 Eros,74.32064540725838,-0.6502333356894211,0.9295740427788297,-0.002547187362914001
433 Eros,77.55197781626961,-0.6961326002954009,0.8963721137520297,-0.013378135429538425
433 Eros,80.78331022528084,-0.7405613347021035,0.8612765891993304,-0.024180831089505535
433 Eros,84.01464263429207,-0.7834303349801447,0.8243669743992771,-0.03493261028607959
433 Eros,87.24597504330332,-0.824656488129468,0.7857285242361916,-0.04561115164626079
433 Eros,90.47730745231455,-0.8641632063028846,0.7454516321071468,-0.05619461095624319
433 Eros,93.70863986132578,-0.901880782434477,0.7036311775673397,-0.06666174766577024
433 Eros,96.93997227033702,-0.9377466637577039,0.6603658446729699,-0.07699204157697702
433 Eros,100.17130467934825,-0.9717056417624792,0.6157574231999843,-0.08716579817586653
433 Eros,103.40263708835948,-1.0037099591489897,0.5699101047407551,-0.09716424140092239
433 Eros,106.63396949737071,-1.033719336209986,0.5229297851402452,-0.1069695929977134
433 Eros,109.86530190638194,-1.061700920746903,0.4749233838758794,-0.11656513796519635
433 Eros,113.09663431539319,-1.087629167048066,0.4259981898706381,-0.12593527594439188
433 Eros,116.32796672440442,-1.1114856505961521,0.37626124192337673,-0.13506555872077897
433 Eros,119.55929913341565,-1.133258826011094,0.325818750512964,-0.14394271429817218
433 Eros,122.7906315424269,-1.1529437362739121,0.274775566250459,-0.1525546582468342
433 Eros,126.02196395143812,-1.1705416815308096,0.22323469877744417,-0.16089049322778584
433 Eros,129.25329636044935,-1.1860598557707824,0.17129688849194696,-0.16894049774700992
433 Eros,132.48462876946058,-1.199510959437767,0.11906023216892647,-0.17669610529822835
433 Eros,135.71596117847182,-1.2109127956187928,0.0666198623622084,-0.18414987511383693
433 Eros,138.94729358748305,-1.2202878568837001,0.014067679450450954,-0.19129545576456647
433 Eros,142.1786259964943,-1.2276629091803766,-0.03850786566755904,-0.19812754283472414
433 Eros,145.40995840550553,-1.2330685784504074,-0.09102194091073401,-0.20464183185722357
433 Eros,148.64129081451676,-1.2365389448579256,-0.14339345759214528,-0.210834967626989
433 Eros,151.872623223528,-1.2381111487488765,-0.19554515380840964,-0.2167044909285274
433 Eros,155.10395563253923,-1.2378250117032499,-0.24740364044551144,-0.22224878361892392
433 Eros,158.33528804155046,-1.2357226753279718,-0.29889941371119527,-0.22746701290605992
433 Eros,161.5666204505617,-1.2318482597770815,-0.34996683810653956,-0.23235907555766602
433 Eros,164.79795285957292,-1.22624754338768,-0.40054410366609366,-0.23692554267334331
433 Eros,168.02928526858415,-1.21896766429016,-0.45057316114506607,-0.24116760555168362
433 Eros,171.2606176775954,-1.2100568443912323,-0.49999963862976093,-0.24508702309013308
433 Eros,174.49195008660664,-1.1995641357372846,-0.548772742809038,-0.24868607106777027
433 Eros,177.72328249561787,-1.1875391889407598,-0.5968451478826777,-0.2519674935816124
433 Eros,180.9546149046291,-1.1740320430890252,-0.6441728748083718,-0.2549344568359266
433 Eros,184.18594731364033,-1.1590929363482176,-0.6907151633117324,-0.25759050542142276
433 Eros,187.41727972265156,-1.142772136317876,-0.7364343388102021,-0.259939521166974
433 Eros,190.6486121316628,-1.1251197890795834,-0.7812956761380012,-0.26198568460028904
433 Eros,193.87994454067405,-1.1061857858083297,-0.8252672617089899,-0.26373343901521745
433 Eros,197.11127694968528,-1.0860196457729672,-0.8683198555206167,-0.26518745711148656
433 Eros,200.3426093586965,-1.0646704145365493,-0.9104267541866946,-0.26635261014698913
433 Eros,203.57394176770774,-1.0421865761735716,-0.9515636559903786,-0.2672339395225581
433 Eros,206.80527417671897,-1.0186159783447066,-0.991708528771752,-0.2678366307038153
433 Eros,210.0366065857302,-0.9940057691066337,-1.030841481306494,-0.26816598937350833
433 Eros,213.26793899474143,-0.9684023443816425,-1.0689446386924513,-0.26822741970013225
433 Eros,216.49927140375266,-0.9418513050659527,-1.1060020221386035,-0.2680264046040251
433 Eros,219.7306038127639,-0.9143974228147216,-1.1419994334447046,-0.2675684879000025
433 Eros,222.96193622177515,-0.8860846136034752,-1.1769243443685307,-0.2668592581955124
433 Eros,226.19326863078638,-0.856955918228642,-1.2107657909998073,-0.26590433442484224
433 Eros,229.4246010397976,-0.8270534889726466,-1.2435142731941626,-0.2647093529027464
433 Eros,232.65593344880884,-0.7964185817206055,-1.2751616590656787,-0.2632799557846898
433 Eros,235.88726585782007,-0.7650915528753509,-1.3057010944913752,-0.26162178082545723
433 Eros,239.1185982668313,-0.7331118604747016,-1.3351269175442373,-0.2597404523329557
433 Eros,242.34993067584253,-0.7005180689691668,-1.363434577742037,-0.25764157321944864
433 Eros,245.5812630848538,-0.6673478571694109,-1.39062055997625,-0.2553307180580672
433 Eros,248.81259549386502,-0.6336380289206739,-1.4166823129678847,-0.2528134270581218
433 Eros,252.04392790287625,-0.5994245261058564,-1.4416181820842762,-0.2500952008783962
433 Eros,255.27526031188748,-0.5647424436201627,-1.4654273463421097,-0.2471814962031651
433 Eros,258.5065927208987,-0.5296260459981103,-1.4881097594164987,-0.24407772201108224
433 Eros,261.73792512990997,-0.4941087854085868,-1.5096660944732239,-0.24078923647230144
433 Eros,264.96925753892117,-0.4582233207653501,-1.530097692640933,-0.23732134441417221
433 Eros,268.20058994793243,-0.4220015377293449,-1.549406514941574,-0.23367929530058842
433 Eros,271.43192235694363,-0.3854745694055275,-1.5675950975003359,-0.2298682816745506
433 Eros,274.6632547659549,-0.3486728175606243,-1.5846665098606079,-0.2258934380177087
433 Eros,277.8945871749661,-0.3116259742096912,-1.6006243162346048,-0.22175983998459506
433 Eros,281.12591958397735,-0.2743630434387412,-1.6154725395261174,-0.21747250397294698
433 Eros,284.3572519929886,-0.2369123633479563,-1.6292156279682415,-0.21303638699493482
433 Eros,287.5885844019998,-0.19930162801556894,-1.6418584242256204,-0.2084563868172904
433 Eros,290.81991681101107,-0.16155790939636971,-1.6534061368176736,-0.20373734234127072
433 Eros,294.05124922002227,-0.12370767908118752,-1.663864313726291,-0.19888403419610481
433 Eros,297.28258162903353,-0.08577682985459101,-1.6732388180585969,-0.1939011855220613
433 Eros,300.51391403804473,-0.04779069699798488,-1.6815358056422989,-0.18879346292158844
433 Eros,303.745246447056,-0.009774079293688565,-1.6887617044381196,-0.18356547755906039
433 Eros,306.9765788560672,0.02824874030659308,-1.6949231956605113,-0.1782217863916203
433 Eros,310.20791126507845,0.06625397437892766,-1.7000271965044154,-0.17276689351535812
433 Eros,313.4392436740897,0.10421831111403412,-1.7040808443821922,-0.16720525161268207
433 Eros,316.6705760831009,0.14211889481280804,-1.7070914825809442,-0.16154126348821776
433 Eros,319.90190849211217,0.17993330680497066,-1.7090666472563472,-0.15577928368190497
433 Eros,323.1332409011234,0.2176395468014185,-1.7100140556847123,-0.14992362014918484
433 Eros,326.36457331013463,0.25521601468744837,-1.7099415957003976,-0.14397853599928745
433 Eros,329.59590571914583,0.2926414927611881,-1.7088573162507943,-0.13794825128363147
433 Eros,332.8272381281571,0.3298951284190965,-1.7067694190059903,-0.13183694482726163
433 Eros,336.0585705371683,0.3669564172882358,-1.7036862509648711,-0.1256487560970933
433 Eros,339.28990294617955,0.4038051868033696,-1.6996162980037801,-0.11938778710146543
433 Eros,342.5212353551908,0.44042158022537026,-1.6945681793180738,-0.11305810431620374
433 Eros,345.752567764202,0.476786041096355,-1.6885506427108283,-0.10666374063298754
433 Eros,348.98390017321327,0.512879298125895,-1.6815725606867322,-0.10020869732639111
433 Eros,352.2152325822245,0.5486823505019848,-1.6736429273127336,-0.0936969460364544
433 Eros,355.44656499123573,0.5841764536199292,-1.6647708558103747,-0.08713243076408447
433 Eros,358.67789740024693,0.6193431052218348,-1.6549655768479545,-0.08051906987700971
433 Eros,361.9092298092582,0.6541640319392753,-1.6442364375036616,-0.07386075812434993
433 Eros,365.14056221826945,0.6886211762315615,-1.6325929008736988,-0.06716136865819892
433 Eros,368.37189462728065,0.722696683712108,-1.6200445463021482,-0.060424755060898803
433 Eros,371.6032270362919,0.7563728908555342,-1.6066010702119,-0.053654753376941804
433 Eros,374.8345594453031,0.7896323130784003,-1.5922722875184556,-0.04685518414865993
433 Eros,378.0658918543144,0.8224576331868744,-1.5770681336107242,-0.040029854455050445
433 Eros,381.2972242633256,0.8548316901850099,-1.560998666885214,-0.03318255995326984
433 Eros,384.52855667233683,0.8867374684379004,-1.5440740718221264,-0.026317086922464067
433 Eros,387.7598890813481,0.9181580871845947,-1.526304662593915,-0.019437214309725552
433 Eros,390.9912214903593,0.949076790396313,-1.5077008871988502,-0.012546715778078393
433 Eros,394.22255389937055,0.9794769369763048,-1.488273332113999,-0.005649361756466412
433 Eros,397.45388630838175,1.0093419912985597,-1.4680327274638403,0.0012510785082216888
433 Eros,400.685218717393,1.0386555140834537,-1.4469899527025105,0.008150834897003805
433 Eros,403.9165511264042,1.067401153609446,-1.425156042809347,0.015046134362428592
433 Eros,407.1478835354155,1.0955626372610778,-1.4025421949990091,0.0219331988698738
433 Eros,410.3792159444267,1.1231237634145528,-1.3791597759491157,0.02880824333640429
433 Eros,413.61054835343793,1.1500683936636116,-1.3550203295497696,0.03566747356714743
433 Eros,416.8418807624492,1.1763804453896063,-1.3301355851809378,0.042507084189159515
433 Eros,420.0732131714604,1.2020438846811934,-1.3045174665250419,0.0493232565828468
433 Eros,423.30454558047165,1.2270427196106333,-1.278178100923549,0.05611215681109752
433 Eros,426.53587798948286,1.251360993875259,-1.2511298292877366,0.06286993354638173
433 Eros,429.7672103984941,1.2749827808145238,-1.2233852165751418,0.06959271599622317
433 Eros,432.9985428075053,1.2978921778149286,-1.1949570628444695,0.07627661182760884
433 Eros,436.2298752165166,1.3200733011171182,-1.1658584149030655,0.08291770509107547
433 Eros,439.4612076255278,1.3415102810416892,-1.1361025785622032,0.08951205414544135
433 Eros,442.69254003453904,1.36218725765257,-1.105703131516636,0.0960556895843913
433 Eros,445.9238724435503,1.3820883768793402,-1.0746739368659948,0.10254461216639604
433 Eros,449.1552048525615,1.4011977871225882,-1.04302915729665,0.10897479074976653
433 Eros,452.38653726157276,1.4194996363693146,-1.0107832699436434,0.1153421602349978
433 Eros,455.61786967058396,1.4369780698484775,-0.9779510819532446,0.12164261951694189
433 Eros,458.8492020795952,1.453617228260184,-0.9445477467674858,0.12787202944980225
433 Eros,462.0805344886064,1.469401246615614,-0.9105887811527347,0.13402621082843197
433 Eros,465.3118668976177,1.484314253728638,-0.8760900829950256,0.14010094238995832
433 Eros,468.54319930662894,1.4983403724042754,-0.8410679498852909,0.1460919588403742
433 Eros,471.77453171564014,1.5114637203736339,-0.805539098517905,0.15199494891141432
433 Eros,475.0058641246514,1.523668412029739,-0.7695206849261464,0.1578055534537708
433 Eros,478.2371965336626,1.5349385610238853,-0.7330303255780032,0.16351936357354424
433 Eros,481.46852894267386,1.5452582837876652,-0.6960861193553609,0.1691319188197423
433 Eros,484.69986135168506,1.5546117040517546,-0.6587066704390659,0.1746387054316322
433 Eros,487.9311937606963,1.5629829584389765,-0.6209111121211555,0.18003515465590123
433 Eros,491.1625261697076,1.5703562032158958,-0.5827191315643446,0.18531664114477203
433 Eros,494.3938585787188,1.576715622294569,-0.5441509955268308,0.19047848144760351
433 Eros,497.62519098773004,1.5820454365838064,-0.5052275770681808,0.1955159326099762
433 Eros,500.85652339674124,1.5863299147976069,-0.4659703832490536,0.20042419089589988
433 Eros,504.0878558057525,1.5895533858372595,-0.42640158383384075,0.20519839065056925
433 Eros,507.3191882147637,1.591700252872944,-0.38654404100080264,0.2098336033230585
433 Eros,510.55052062377496,1.5927550092605787,-0.34642134005901004,0.21432483667047633
433 Eros,513.7818530327862,1.5927022564401105,-0.30605782116497426,0.218667034167449
433 Eros,517.0131854417974,1.5915267239724498,-0.26547861202432,0.22285507464734855
433 Eros,520.2445178508086,1.5892132918837483,-0.2247096615551114,0.2268837722044425
433 Eros,523.4758502598199,1.58574701549776,-0.18377777447911947,0.2307478763891563
433 Eros,526.7071826688311,1.5811131529494604,-0.1427106467953625,0.23444207273189338
433 Eros,529.9385150778423,1.5752971955859734,-0.1015369020765935,0.23796098363436446
433 Eros,533.1698474868535,1.5682849014739786,-0.060286128513459825,0.24129916967117007
433 Eros,536.4011798958649,1.560062332246134,-0.018988916612984186,0.24445113134843838
433 Eros,539.6325123048761,1.5506158935324044,0.022323102562635477,0.2474113113706599
433 Eros,542.8638447138873,1.5399323792354263,0.06361721875452309,0.250174097471494
433 Eros,546.0951771228986,1.5279990199219022,0.10485960362709079,0.25273382586921983
433 Eros,549.3265095319098,1.514803535614258,0.14601527184369378,0.25508478541267515
433 Eros,552.557841940921,1.500334193277982,0.18704804232611028,0.25722122248895
433 Eros,555.7891743499322,1.4845798693099388,0.22792049996370478,0.2591373467697291
433 Eros,559.0205067589435,1.4675301173409059,0.2685939580804661,0.26082733787899437
433 Eros,562.2518391679547,1.449175241671055,0.30902842201509073,0.26228535307073064
433 Eros,565.4831715769659,1.4295063766595002,0.3491825542211722,0.2635055360112469
433 Eros,568.7145039859772,1.4085155723875078,0.38901364135182237,0.264482026766657
433 Eros,571.9458363949884,1.3861958869085529,0.42847756385579977,0.2652089731018171
433 Eros,575.1771688039996,1.3625414853862656,0.4675287686804768,0.26568054320245027
433 Eros,578.4085012130108,1.3375477464019996,0.5061202457510516,0.2658909399371265
433 Eros,581.6398336220221,1.3112113756861459,0.5442035089750183,0.2658344167799826
433 Eros,584.8711660310333,1.2835305274899034,0.581728582605779,0.2655052955183006
433 Eros,588.1024984400445,1.2545049337651872,0.6186439938892417,0.2648979858710174
433 Eros,591.3338308490557,1.2241360412582265,0.6548967730111811,0.2640070071445401
433 Eros,594.5651632580671,1.1924271565450792,0.6904324614602786,0.26282701205049946
433 Eros,597.7964956670783,1.159383598942692,0.7251951300207866,0.2613528128057974
433 Eros,601.0278280760895,1.125012861115528,0.7591274077074432,0.2595794096279898
433 Eros,604.2591604851008,1.0893247770627592,0.7921705230516286,0.2575020217281002
433 Eros,607.490492894112,1.052331697012704,0.8242643592387718,0.2551161208877543
433 Eros,610.7218253031232,1.0140486685679084,0.8553475246788387,0.25241746768738305
433 Eros,613.9531577121344,0.974493623234414,0.8853574406602868,0.24940215042647568
433 Eros,617.1844901211457,0.9336875672309799,0.9142304477882522,0.24606662674472377
433 Eros,620.4158225301569,0.8916547752087325,0.9419019329333745,0.2424077679137408
433 Eros,623.6471549391681,0.8484229852183686,0.9683064784128559,0.2384229057221762
433 Eros,626.8784873481794,0.8040235929430181,0.9933780350819436,0.23410988182195624
433 Eros,630.1098197571906,0.7584918428728364,1.0170501209244245,0.22946709933968154
433 Eros,633.3411521662018,0.7118670137368963,1.0392560465864362,0.2244935764847019
433 Eros,636.572484575213,0.6641925951358567,1.0599291690902506,0.2191890018042126
433 Eros,639.8038169842243,0.6155164519439307,1.0790031746853341,0.2135537906463631
433 Eros,643.0351493932355,0.5658909726820297,1.0964123914352508,0.20758914229577127
433 Eros,1.0,0.5503497972467248,1.1014525755304874,0.2056768071827678
433 Eros,7.0,0.45541032750815247,1.1281101181714615,0.19354913608448115
433 Eros,30.0,0.07187232079985384,1.1676850586109404,0.1372137058788209
433 Eros,180.0,-1.1781736757197632,-0.6302710752158902,-0.2540904674433802
1566 Icarus,0.0,1.0126759383120882,-1.5717312549974765,-0.44892666572679146
1566 Icarus,2.0514876432102978,1.0181431678123325,-1.5614277516778339,-0.4510744177795253
1566 Icarus,4.1029752864205955,1.023430641606108,-1.550848578838891,-0.4531425315878953
1566 Icarus,6.154462929630894,1.028535922675104,-1.5399933262063803,-0.45512997632248275
1566 Icarus,8.205950572841191,1.0334564931405592,-1.528861517378917,-0.45703568617971546
1566 Icarus,10.257438216051488,1.0381897505677087,-1.5174526090669316,-0.45885855881665155
1566 Icarus,12.308925859261787,1.0427330040562304,-1.5057659902432394,-0.46059745369447835
1566 Icarus,14.360413502472085,1.047083470100553,-1.4938009812027784,-0.462251190323898
1566 Icarus,16.411901145682382,1.0512382682024606,-1.4815568325288158,-0.463818546404978
1566 Icarus,18.46338878889268,1.0551944162168982,-1.4690327239626462,-0.4652982558533909
1566 Icarus,20.514876432102977,1.0589488254101815,-1.4562277631735123,-0.46668900670424984
1566 Icarus,22.566364075313274,1.0624982952078978,-1.4431409844252228,-0.4679894388839378
1566 Icarus,24.617851718523575,1.06583950760772,-1.4297713471356248,-0.46919814183945396
1566 Icarus,26.669339361733872,1.0689690212300134,-1.416117734324776,-0.4703136520138119
1566 Icarus,28.72082700494417,1.0718832649765186,-1.4021789509473683,-0.4713344501549276
1566 Icarus,30.772314648154467,1.07457853126455,-1.3879537221046037,-0.4722589584442351
1566 Icarus,32.823802291364764,1.0770509688009071,-1.3734406911303982,-0.4730855374298991
1566 Icarus,34.875289934575065,1.0792965748561427,-1.3586384175464359,-0.47381248274799226
1566 Icarus,36.92677757778536,1.0813111869958125,-1.343545374880262,-0.47443802161331555
1566 Icarus,38.97826522099566,1.0830904742208736,-1.328159948340213,-0.4749603090596525
1566 Icarus,41.02975286420595,1.0846299274643485,-1.3124804323406638,-0.47537742390712523
1566 Icarus,43.081240507416254,1.0859248493857474,-1.296505027870693,-0.47568736443194815
1566 Icarus,45.13272815062655,1.0869703433983764,-1.2802318396989298,-0.4758880437111912
1566 Icarus,47.18421579383685,1.0877613018575105,-1.2636588734070122,-0.475977284612158
1566 Icarus,49.23570343704715,1.0882923933292838,-1.2467840322438186,-0.47595281439255777
1566 Icarus,51.28719108025744,1.0885580488510378,-1.2296051137923185,-0.4758122588738193
1566 Icarus,53.338678723467744,1.088552447083428,-1.2121198064407557,-0.47555313614549743
1566 Icarus,55.39016636667804,1.0882694982428078,-1.1943256856496938,-0.4751728497537695
1566 Icarus,57.44165400988834,1.0877028266889464,-1.1762202100064898,-0.4746686813213573
1566 Icarus,59.49314165309863,1.086845752027766,-1.157800717058857,-0.4740377825397465
1566 Icarus,61.54462929630893,1.0856912685712135,-1.139064418919512,-0.47327716646719453
1566 Icarus,63.59611693951923,1.084232022976212,-1.1200083976344626,-0.4723836980575405
1566 Icarus,65.64760458272953,1.0824602898614357,-1.1006296003083553,-0.4713540838350927
1566 Icarus,67.69909222593982,1.0803679451739132,-1.0809248339816349,-0.47018486061963627
1566 Icarus,69.75057986915013,1.0779464370465492,-1.06089076025604,-0.468872383192639
1566 Icarus,71.80206751236042,1.0751867538517872,-1.0405238896675042,-0.4674128107806794
1566 Icarus,73.85355515557072,1.0720793891149718,-1.0198205758089243,-0.4658020922146569
1566 Icarus,75.90504279878101,1.068614302902333,-0.9987770092097192,-0.46403594960295236
1566 Icarus,77.95653044199132,1.0647808792416413,-0.9773892109851583,-0.46210986033288465
1566 Icarus,80.00801808520161,1.0605678790668156,-0.9556530262761718,-0.46001903718684045
1566 Icarus,82.0595057284119,1.0559633880991122,-0.933564117510687,-0.45775840632653675
1566 Icarus,84.11099337162221,1.050954758984581,-0.9111179575308073,-0.45532258285998295
1566 Icarus,86.16248101483251,1.045528546897176,-0.8883098226475301,-0.45270584365958266
1566 Icarus,88.2139686580428,1.0396704376855759,-0.8651347857072698,-0.44990209704492234
1566 Icarus,90.2654563012531,1.03336516748468,-0.8415877092837147,-0.44690484887816084
1566 Icarus,92.3169439444634,1.0265964325241443,-0.817663239146766,-0.4437071645411892
1566 Icarus,94.3684315876737,1.0193467876387854,-0.7933557982099468,-0.44030162616877344
1566 Icarus,96.41991923088399,1.0115975317099732,-0.768659581222654,-0.43668028439690965
1566 Icarus,98.4714068740943,1.0033285779314043,-0.7435685505586622,-0.43283460374569077
1566 Icarus,100.5228945173046,0.9945183063817095,-0.7180764335640664,-0.4287554005848167
1566 Icarus,102.57438216051489,0.9851433958807251,-0.692176722075409,-0.42443277241942745
1566 Icarus,104.62586980372518,0.9751786314805173,-0.6658626749142555,-0.4198560169736737
1566 Icarus,106.67735744693549,0.9645966831633692,-0.6391273244250617,-0.41501353922573603
1566 Icarus,108.72884509014578,0.953367850343275,-0.6119634884722905,-0.40989274414284604
1566 Icarus,110.78033273335608,0.9414597655372625,-0.5843637897834402,-0.40447991235444963
1566 Icarus,112.83182037656637,0.9288370490109256,-0.5563206851637336,-0.39876005535421477
1566 Icarus,114.88330801977668,0.9154609042046841,-0.5278265079822904,-0.3927167459942884
1566 Icarus,116.93479566298697,0.9012886411720875,-0.4988735285351258,-0.386331918969999
1566 Icarus,118.98628330619727,0.8862731119145917,-0.4694540385676995,-0.3795856346104126
1566 Icarus,121.03777094940757,0.8703620371095329,-0.4395604685966388,-0.37245579747966134
1566 Icarus,123.08925859261787,0.8534971979226791,-0.4091855500172803,-0.3649178189018768
1566 Icarus,125.14074623582816,0.8356134588405593,-0.3783225387919533,-0.35694420933157
1566 Icarus,127.19223387903845,0.8166375769882148,-0.3469655245090974,-0.34850408219141116
1566 Icarus,129.24372152224876,0.7964867391118251,-0.3151098589211758,-0.3395625449433066
1566 Icarus,131.29520916545906,0.7750667476884396,-0.2827527535187758,-0.33007994509413957
1566 Icarus,133.34669680866935,0.7522697500872759,-0.2498941192160496,-0.3200109276028258
1566 Icarus,135.39818445187964,0.7279713657733957,-0.216537757675962,-0.3093032443184291
1566 Icarus,137.44967209508994,0.7020270108137079,-0.18269307144248437,-0.2978962334897825
1566 Icarus,139.50115973830026,0.6742671382013725,-0.14837755320247215,-0.28571885480095527
1566 Icarus,141.55264738151055,0.6444909942430929,-0.11362046874351056,-0.27268711791685873
1566 Icarus,143.60413502472085,0.6124583165727371,-0.07846841048046005,-0.2587006729190532
1566 Icarus,145.65562266793114,0.5778781407230827,-0.04299385786367965,-0.24363822899988513
1566 Icarus,147.70711031114143,0.5403935031321009,-0.007308712301443865,-0.22735132059202529
1566 Icarus,149.75859795435173,0.49956029465223123,0.028413667168383894,-0.20965573852346947
1566 Icarus,151.81008559756202,0.4548178554610883,0.0639013656270904,-0.1903197094915255
1566 Icarus,153.86157324077234,0.4054484293170233,0.09871904214561175,-0.16904779853819935
1566 Icarus,155.91306088398264,0.3505238291118996,0.1321496824677662,-0.14546021750411228
1566 Icarus,157.96454852719293,0.288846791871244,0.16296982412839386,-0.11907146464026597
1566 Icarus,160.01603617040323,0.2189357451579499,0.18900875185565735,-0.0892903917389502
1566 Icarus,162.06752381361352,0.13926530360926453,0.20629840437976488,-0.05553382011480607
1566 Icarus,164.1190114568238,0.049520770120570004,0.20775119668559439,-0.017773493974644616
1566 Icarus,166.1704991000341,-0.04555684179923369,0.1831669444931499,0.021847128701669667
1566 Icarus,168.22198674324443,-0.13226526873926858,0.12700483333016527,0.057484664573635505
1566 Icarus,170.27347438645472,-0.1971785508805125,0.048992966261919,0.08363614032111294
1566 Icarus,172.32496202966502,-0.23944624875556997,-0.03554686464343812,0.10016892917937467
1566 Icarus,174.3764496728753,-0.2650140768614327,-0.1180969476424008,0.10970837823831804
1566 Icarus,176.4279373160856,-0.2793586800565227,-0.19588975490562657,0.11459814347981755
1566 Icarus,178.4794249592959,-0.2861315085132487,-0.2685016742636226,0.11637993794415354
1566 Icarus,180.5309126025062,-0.28764019067376867,-0.33624725071346157,0.11601953678993823
1566 Icarus,182.5824002457165,-0.2853666764815861,-0.39961683192601216,0.11413292272441351
1566 Icarus,184.6338878889268,-0.28029466236410894,-0.4590973811708714,0.11112660468917325
1566 Icarus,186.6853755321371,-0.2731001275162413,-0.5151222386689756,0.10727847911478833
1566 Icarus,188.7368631753474,-0.26426260281636793,-0.5680632492920203,0.10278473585816045
1566 Icarus,190.7883508185577,-0.2541319230733216,-0.6182359627951456,0.09778785221151517
1566 Icarus,192.83983846176798,-0.2429695954585829,-0.6659079486139563,0.09239386688024268
1566 Icarus,194.89132610497828,-0.2309752747712573,-0.7113069423343231,0.0866833936207861
1566 Icarus,196.9428137481886,-0.21830422133186536,-0.7546278837798235,0.08071885920797567
1566 Icarus,198.9943013913989,-0.20507912908471715,-0.7960387181584442,0.07454939215039467
1566 Icarus,201.0457890346092,-0.1913983369524323,-0.8356850902021733,0.0682142067623158
1566 Icarus,203.09727667781948,-0.1773416551339302,-0.87369412063927,0.06174499775743719
1566 Icarus,205.14876432102977,-0.16297458080921035,-0.910177445696607,0.055167668384970586
1566 Icarus,207.20025196424007,-0.14835140260752067,-0.9452336723035301,0.0485035998534698
1566 Icarus,209.25173960745036,-0.13351752330030725,-0.9789503717552512,0.041770598783444635
1566 Icarus,211.30322725066065,-0.11851122269945302,-1.011405708412262,0.03498361461686547
1566 Icarus,213.35471489387098,-0.1033650132189049,-1.0426697787462151,0.028155289988681886
1566 Icarus,215.40620253708127,-0.08810669466097754,-1.0728057193363236,0.021296388010471762
1566 Icarus,217.45769018029156,-0.0727601839146621,-1.1018706294937457,0.014416127623176844
1566 Icarus,219.50917782350186,-0.057346174123226346,-1.1299163442485924,0.007522449436369483
1566 Icarus,221.56066546671215,-0.041882663184835967,-1.156990085793205,0.0006222284048305049
1566 Icarus,223.61215310992245,-0.02638538108095695,-1.1831350155910336,-0.006278554580687629
1566 Icarus,225.66364075313274,-0.010868138109803749,-1.2083907048119646,-0.013174673164019435
1566 Icarus,227.71512839634306,0.004656889271432874,-1.2327935372221341,-0.020061541238749953
1566 Icarus,229.76661603955336,0.0201789222306179,-1.2563770558976999,-0.026935118707072714
1566 Icarus,231.81810368276365,0.03568838312476441,-1.2791722629658508,-0.033791833277008826
1566 Icarus,233.86959132597394,0.05117673118311983,-1.301207879865456,-0.04062851518641036
1566 Icarus,235.92107896918424,0.06663632429973204,-1.3225105742608367,-0.04744234241672285
1566 Icarus,237.97256661239453,0.08206030218544785,-1.3431051586564633,-0.05423079447316079
1566 Icarus,240.02405425560482,0.09744248709785441,-1.3630147648883175,-0.06099161320244123
1566 Icarus,242.07554189881515,0.1127772991184306,-1.3822609979632738,-0.06772276942457967
1566 Icarus,244.12702954202544,0.12805968353241526,-1.4008640721460077,-0.07442243439337926
1566 Icarus,246.17851718523573,0.14328504832793026,-1.4188429317262534,-0.08108895528726048
1566 Icarus,248.23000482844603,0.15844921019582253,-1.4362153585165571,-0.0877208340799194
1566 Icarus,250.28149247165632,0.17354834770242045,-1.4529980678154109,-0.09431670925792571
1566 Icarus,252.33298011486661,0.1885789605403438,-1.4692067943096967,-0.10087533994649989
1566 Icarus,254.3844677580769,0.20353783395021507,-1.4848563691734715,-0.10739559208045679
1566 Icarus,256.43595540128723,0.21842200755822871,-1.4999607894390847,-0.11387642631860842
1566 Icarus,258.4874430444975,0.2332287479983754,-1.5145332805648752,-0.12031688744976707
1566 Icarus,260.5389306877078,0.24795552478943783,-1.5285863529960235,-0.12671609507922277
1566 Icarus,262.5904183309181,0.2625999890201921,-1.5421318534073376,-0.13307323541802055
1566 Icarus,264.6419059741284,0.2771599544650294,-1.5551810112253803,-0.13938755402494707
1566 Icarus,266.6933936173387,0.2916333808092219,-1.5677444809496373,-0.1456583493739647
1566 Icarus,268.744881260549,0.3060183587105458,-1.5798323807261272,-0.15188496713883218
1566 Icarus,270.7963689037593,0.3203130964636481,-1.5914543275701032,-0.15806679510249586
1566 Icarus,272.8478565469696,0.3345159080667959,-1.602619469585775,-0.16420325861210816
1566 Icarus,274.8993441901799,0.3486252025186992,-1.6133365154890016,-0.17029381651170525
1566 Icarus,276.95083183339017,0.3626394741967044,-1.6236137617026722,-0.17633795749397402
1566 Icarus,279.0023194766005,0.37655729418773665,-1.6334591172631143,-0.18233519682052085
1566 Icarus,281.0538071198108,0.39037730246037305,-1.6428801267485895,-0.18828507336680347
1566 Icarus,283.1052947630211,0.4040982007810106,-1.6518839914172627,-0.1941871469536735
1566 Icarus,285.1567824062314,0.4177187462893988,-1.6604775887212435,-0.20004099593234495
1566 Icarus,287.2082700494417,0.4312377456595899,-1.6686674903452747,-0.20584621499387495
1566 Icarus,289.259757692652,0.4446540497813917,-1.6764599789026933,-0.21160241317780676
1566 Icarus,291.3112453358623,0.4579665489053526,-1.6838610634073485,-0.21730921205776016
1566 Icarus,293.3627329790726,0.47117416820110913,-1.6908764936278893,-0.22296624408443538
1566 Icarus,295.41422062228287,0.4842758636848082,-1.697511773419937,-0.22857315106880965
1566 Icarus,297.46570826549316,0.49727061847645426,-1.7037721731220994,-0.2341295827903243
1566 Icarus,299.51719590870346,0.5101574393524624,-1.709662741093267,-0.23963519571660152
1566 Icarus,301.56868355191375,0.5229353535625885,-1.715188314461053,-0.245089651822751
1566 Icarus,303.62017119512404,0.535603405883792,-1.7203535291445742,-0.2504926174996548
1566 Icarus,305.67165883833434,0.5481606558865457,-1.7251628292087189,-0.25584376254177243
1566 Icarus,307.7231464815447,0.5606061753916967,-1.7296204756017544,-0.26114275920601965
1566 Icarus,309.774634124755,0.5729390460982797,-1.733730554323318,-0.26638928133417245
1566 Icarus,311.8261217679653,0.5851583573646608,-1.7374969840655554,-0.27158300353200965
1566 Icarus,313.87760941117557,0.5972632041271699,-1.7409235233663383,-0.2767236003991097
1566 Icarus,315.92909705438586,0.6092526849419271,-1.744013777310025,-0.28181074580380494
1566 Icarus,317.98058469759616,0.6211259001369456,-1.7467712038081262,-0.28684411219834327
1566 Icarus,320.03207234080645,0.6328819500627788,-1.7491991194894336,-0.29182336996975156
1566 Icarus,322.08355998401674,0.6445199334311016,-1.7513007052266325,-0.29674818682233994
1566 Icarus,324.13504762722704,0.6560389457314943,-1.7530790113241388,-0.30161822718811676
1566 Icarus,326.18653527043733,0.6674380777175957,-1.7545369623898166,-0.30643315166173146
1566 Icarus,328.2380229136476,0.6787164139544973,-1.755677361911359,-0.31119261645683466
1566 Icarus,330.2895105568579,0.6898730314199116,-1.7565028965564107,-0.31589627288099237
1566 Icarus,332.3409982000682,0.700906998152242,-1.7570161402139381,-0.3205437668265255
1566 Icarus,334.3924858432785,0.7118173719391794,-1.7572195577929632,-0.3251347382748272
1566 Icarus,336.44397348648886,0.7226031990408945,-1.7571155087934671,-0.3296688208118823
1566 Icarus,338.49546112969915,0.733263512942324,-1.756706250663098,-0.33414564115287715
1566 Icarus,340.54694877290945,0.7437973331293599,-1.7559939419522343,-0.3385648186738985
1566 Icarus,342.59843641611974,0.7542036638840811,-1.754980645278973,-0.3429259649488498
1566 Icarus,344.64992405933003,0.7644814930944068,-1.753668330114698,-0.3472286832897971
1566 Icarus,346.7014117025403,0.7746297910738325,-1.7520588754000537,-0.3514725682890641
1566 Icarus,348.7528993457506,0.7846475093870062,-1.7501540720003812,-0.35565720536142553
1566 Icarus,350.8043869889609,0.7945335796771887,-1.7479556250089703,-0.3597821702848591
1566 Icarus,352.8558746321712,0.8042869124916714,-1.7454651559058214,-0.3638470287383153
1566 Icarus,354.9073622753815,0.8139063961013976,-1.7426842045790156,-0.3678513358350333
1566 Icarus,356.9588499185918,0.8233908953110963,-1.7396142312152212,-0.37179463564994486
1566 Icarus,359.0103375618021,0.8327392502562988,-1.7362566180653634,-0.37567646073972893
1566 Icarus,361.0618252050124,0.8419502751836458,-1.7326126710909766,-0.37949633165408836
1566 Icarus,363.1133128482227,0.8510227572109251,-1.7286836214963346,-0.3832537564368245
1566 Icarus,365.164800491433,0.8599554550632499,-1.7244706271510108,-0.38694823011527074
1566 Icarus,367.2162881346433,0.8687470977817903,-1.719974773907148,-0.3905792341766371
1566 Icarus,369.2677757778536,0.8773963834014107,-1.715197076815331,-0.39414623602979065
1566 Icarus,371.3192634210639,0.885901977593503,-1.7101384812426164,-0.3976486884509638
1566 Icarus,373.3707510642742,0.8942625122702346,-1.704799863895952,-0.4010860290118467
1566 Icarus,375.4222387074845,0.9024765841462998,-1.6991820337538908,-0.40445767948846334
1566 Icarus,377.4737263506948,0.9105427532541751,-1.693285732909232,-0.407763045249187
1566 Icarus,379.5252139939051,0.9184595414086882,-1.687111637324927,-0.41100151462016704
1566 Icarus,381.5767016371154,0.9262254306165804,-1.6806603575053254,-0.4141724582263826
1566 Icarus,383.62818928032567,0.9338388614265187,-1.6739324390845833,-0.4172752283064366
1566 Icarus,385.67967692353596,0.941298231214825,-1.6669283633337977,-0.4203091579991255
1566 Icarus,387.73116456674626,0.9486018924019184,-1.659648547588213,-0.4232735605996983
1566 Icarus,389.78265220995655,0.9557481505942066,-1.652093345595596,-0.42616772878360804
1566 Icarus,391.83413985316685,0.9627352626458829,-1.6442630477866516,-0.4289909337954387
1566 Icarus,393.8856274963772,0.9695614346346985,-1.6361578814681494,-0.4317424246005205
1566 Icarus,395.9371151395875,0.9762248197454738,-1.6277780109391942,-0.43442142699662134
1566 Icarus,397.9886027827978,0.9827235160546642,-1.6191235375308621,-0.43702714268290305
1566 Icarus,400.0400904260081,0.9890555642088638,-1.6101944995692326,-0.43955874828315317
1566 Icarus,402.0915780692184,0.9952189449896401,-1.6009908722616077,-0.4420153943200887
1566 Icarus,404.14306571242867,1.0012115767565675,-1.591512567505512,-0.4443962041373061
1566 Icarus,406.19455335563896,1.007031312759695,-1.581759433619864,-0.44670027276518454
1566 Icarus,408.24604099884925,1.0126759383120882,-1.5717312549974765,-0.44892666572679146
1566 Icarus,1.0,1.015363250509549,-1.5667432142509639,-0.4499834748505304
1566 Icarus,7.0,1.03058649785736,-1.535438793999242,-0.4559253934430673
1566 Icarus,30.0,1.0735897987670073,-1.393342736621353,-0.4719223170769179
1566 Icarus,180.0,-0.2876614358142722,-0.31915519959545857,0.1162794629399816
1862 Apollo,0.0,-0.9520678413092316,1.8215528643624885,0.226444185152755
1862 Apollo,3.2713073738097505,-0.9819454905989525,1.8196641627464278,0.22821372487513011
1862 Apollo,6.542614747619501,-1.0114777383980122,1.817135330801187,0.2299029845442137
1862 Apollo,9.81392212142925,-1.0406603271522925,1.813978276330305,0.23151276381339436
1862 Apollo,13.085229495239002,-1.0694891435321385,1.810204509791747,0.23304383579285
1862 Apollo,16.356536869048753,-1.0979602038917937,1.805825163306497,0.23449694782314615
1862 Apollo,19.6278442428585,-1.1260696408039388,1.800851008635477,0.2358728222254165
1862 Apollo,22.899151616668252,-1.1538136905678122,1.7952924741930025,0.23717215702769626
1862 Apollo,26.170458990478004,-1.1811886815993775,1.7891596611603684,0.23839562666721165
1862 Apollo,29.441766364287755,-1.2081910236209914,1.7824623587588437,0.23954388266862187
1862 Apollo,32.713073738097506,-1.2348171975759157,1.7752100587373723,0.2406175542983633
1862 Apollo,35.984381111907254,-1.2610637462001155,1.7674119691265755,0.24161724919537098
1862 Apollo,39.255688485717,-1.2869272651900887,1.7590770273072214,0.24254355397855304
1862 Apollo,42.52699585952676,-1.3124043949110826,1.7502139124381701,0.24339703483147104
1862 Apollo,45.798303233336505,-1.3374918125951034,1.7408310572858363,0.24417823806474154
1862 Apollo,49.06961060714626,-1.3621862249825785,1.730936659494544,0.2448876906567198
1862 Apollo,52.34091798095601,-1.3864843613655964,1.7205386923346127,0.2455259007730632
1862 Apollo,55.612225354765755,-1.4103829669941965,1.709644914962725,0.24609335826579395
1862 Apollo,58.88353272857551,-1.4338787968104394,1.6982628822269783,0.2465905351525007
1862 Apollo,62.15484010238526,-1.4569686094778347,1.6863999540470962,0.24701788607632574
1862 Apollo,65.42614747619501,-1.4796491616763319,1.674063304398428,0.24737584874739119
1862 Apollo,68.69745485000476,-1.5019172026353502,1.6612599299267434,0.2476648443663177
1862 Apollo,71.96876222381451,-1.523769468879421,1.647996658219295,0.24788527803048593
1862 Apollo,75.24006959762426,-1.5452026791628684,1.6342801557562188,0.2480375391236853
1862 Apollo,78.511376971434,-1.5662135295716104,1.6201169355650937,0.24812200168978948
1862 Apollo,81.78268434524377,-1.586798688771648,1.6055133646002822,0.24813902479108518
1862 Apollo,85.05399171905351,-1.6069547933851303,1.590475670867656,0.24808895285187585
1862 Apollo,88.32529909286326,-1.6266784434760784,1.5750099503143227,0.247972115987969
1862 Apollo,91.59660646667301,-1.6459661981288611,1.5591221735021243,0.24778883032264531
1862 Apollo,94.86791384048276,-1.664814571103494,1.5428181920828878,0.24753939828970117
1862 Apollo,98.13922121429252,-1.6832200265525885,1.5261037450927353,0.24722410892414215
1862 Apollo,101.41052858810227,-1.701178974785562,1.5089844650821238,0.24684323814110035
1862 Apollo,104.68183596191201,-1.718687768066264,1.4914658840977932,0.24639704900353845
1862 Apollo,107.95314333572176,-1.7357426964307814,1.4735534395322958,0.24588579197929678
1862 Apollo,111.22445070953151,-1.7523399835125855,1.4552524798564446,0.24530970518803677
1862 Apollo,114.49575808334127,-1.768475782362597,1.436568270249662,0.24466901463862717
1862 Apollo,117.76706545715102,-1.7841461712520357,1.417505998143008,0.24396393445752093
1862 Apollo,121.03837283096077,-1.7993471494461735,1.3980707786894593,0.24319466710866813
1862 Apollo,124.30968020477052,-1.814074632937287,1.3782676601759265,0.2423614036055144
1862 Apollo,127.58098757858026,-1.8283244501252178,1.35810162939147,0.24146432371563784
1862 Apollo,130.85229495239003,-1.8420923374340226,1.337577616966186,0.24050359615858605
1862 Apollo,134.12360232619977,-1.855373934853186,1.3167005026953729,0.23947937879748335
1862 Apollo,137.39490970000952,-1.8681647813918347,1.2954751208637456,0.2383918188249929
1862 Apollo,140.66621707381927,-1.880460310434258,1.2739062655847446,0.2372410529442343
1862 Apollo,143.93752444762902,-1.8922558449849363,1.2519986961703096,0.2360272075452784
1862 Apollo,147.20883182143876,-1.9035465927909963,1.2297571425469243,0.2347503988778644
1862 Apollo,150.4801391952485,-1.9143276413298194,1.2071863107342433,0.23341073322101602
1862 Apollo,153.75144656905826,-1.9245939526491689,1.1842908884031957,0.23200830705026226
1862 Apollo,157.022753942868,-1.934340358046849,1.1610755505312154,0.2305432072032153
1862 Apollo,160.29406131667778,-1.9435615525764711,1.13754496517299,0.22901551104429616
1862 Apollo,163.56536869048753,-1.952252089365454,1.1137037993661107,0.22742528662945743
1862 Apollo,166.83667606429728,-1.9604063737307984,1.0895567251919898,0.2257725928718062
1862 Apollo,170.10798343810703,-1.96801865707762,1.0651084260136674,0.22405747970910536
1862 Apollo,173.37929081191677,-1.975083030564744,1.040363602913384,0.2222799882742009
1862 Apollo,176.65059818572652,-1.981593418520946,1.015326981354356,0.22044015106951856
1862 Apollo,179.92190555953627,-1.9875435715946428,0.9900033180927963,0.21853799214686645
1862 Apollo,183.19321293334602,-1.992927059618953,0.9643974083681354,0.2165735272938947
1862 Apollo,186.46452030715577,-1.9977372641731606,0.938514093401435,0.214546764228693
1862 Apollo,189.7358276809655,-2.001967370820558,0.9123582682342918,0.21245770280414267
1862 Apollo,193.0071350547753,-2.005610361001599,0.8859348899431422,0.21030633522381065
1862 Apollo,196.27844242858504,-2.008659003560112,0.8592489862666616,0.2080926462713477
1862 Apollo,199.54974980239479,-2.01110584587907,0.8323056646871958,0.20581661355556288
1862 Apollo,202.82105717620453,-2.012943204601083,0.8051101220106542,0.2034782077735776
1862 Apollo,206.09236455001428,-2.0141631559073434,0.7776676544932264,0.20107739299472374
1862 Apollo,209.36367192382403,-2.0147575253272243,0.7499836685676863,0.19861412696814898
1862 Apollo,212.63497929763378,-2.014717877049139,0.722063692226866,0.19608836145742406
1862 Apollo,215.90628667144352,-2.0140355027015016,0.6939133871273653,0.1935000426058286
1862 Apollo,219.17759404525327,-2.0127014095708695,0.6655385614825552,0.19084911133641813
1862 Apollo,222.44890141906302,-2.0107063082223915,0.6369451838207271,0.1881355037914626
1862 Apollo,225.72020879287277,-2.008040599485689,0.6081393976917439,0.18535915181639498
1862 Apollo,228.99151616668254,-2.0046943607672283,0.5791275374140094,0.1825199834940387
1862 Apollo,232.2628235404923,-2.000657331648002,0.5499161449629436,0.17961792373558416
1862 Apollo,235.53413091430204,-1.9959188987231498,0.5205119881127833,0.1766528949356036
1862 Apollo,238.8054382881118,-1.9904680796378003,0.49092207995531967,0.17362481769930566
1862 Apollo,242.07674566192154,-1.9842935062710996,0.46115369993248423,0.17053361165128456
1862 Apollo,245.34805303573128,-1.9773834070180527,0.4312144165346562,0.16737919633621645
1862 Apollo,248.61936040954103,-1.9697255881165134,0.40111211183338047,0.16416149222332874
1862 Apollo,251.89066778335078,-1.9613074139644426,0.3708550080361017,0.16088042182803272
1862 Apollo,255.16197515716053,-1.9521157863705367,0.34045169627194793,0.15753591096591466
1862 Apollo,258.4332825309703,-1.942137122679534,0.309911167841706,0.1541278901563447
1862 Apollo,261.70458990478005,-1.9313573327120963,0.27924284819249023,0.15065629619534154
1862 Apollo,264.9758972785898,-1.9197617944582386,0.2484566339085007,0.1471210739200649
1862 Apollo,268.24720465239955,-1.9073353284631211,0.21756293304444285,0.14352217819047478
1862 Apollo,271.5185120262093,-1.8940621708447067,0.18657270916800373,0.13985957611734112
1862 Apollo,274.78981940001904,-1.8799259448847758,0.15549752952312446,0.1361332495700145
1862 Apollo,278.0611267738288,-1.864909631138386,0.12434961777751785,0.13234319800227418
1862 Apollo,281.33243414763854,-1.8489955360125099,0.09314191187676013,0.12848944164025897
1862 Apollo,284.6037415214483,-1.8321652587729829,0.06188812759457818,0.12457202508311169
1862 Apollo,287.87504889525803,-1.8143996569507075,0.03060282844592599,0.12059102137469258
1862 Apollo,291.1463562690678,-1.7956788101343348,-0.000698497282417776,0.11654653661373832
1862 Apollo,294.4176636428775,-1.7759819821585265,-0.03199935152798261,0.11243871518039376
1862 Apollo,297.6889710166873,-1.7552875817259979,-0.06328213250369918,0.10826774566941844
1862 Apollo,300.960278390497,-1.7335731215397856,-0.09452803069887006,0.10403386763490026
1862 Apollo,304.2315857643068,-1.7108151760720025,-0.12571691357160186,0.09973737926840197
1862 Apollo,307.5028931381165,-1.6869893381599637,-0.15682719749767038,0.09537864615262318
1862 Apollo,310.77420051192627,-1.6620701747038928,-0.18783570533737826,0.0909581112564538
1862 Apollo,314.045507885736,-1.6360311818476105,-0.21871750774733,0.08647630636546122
1862 Apollo,317.3168152595458,-1.608844740161031,-0.24944574609367576,0.08193386517521131
1862 Apollo,320.58812263335557,-1.5804820705192892,-0.27999143451144226,0.07733153831444271
1862 Apollo,323.8594300071653,-1.5509131915983803,-0.31032323829525077,0.07267021061220168
1862 Apollo,327.13073738097506,-1.5201068801948434,-0.3404072253929078,0.06795092097912092
1862 Apollo,330.4020447547848,-1.4880306359444482,-0.3702065872979512,0.06317488533985066
1862 Apollo,333.67335212859456,-1.454650652484411,-0.39968132509213183,0.05834352313340468
1862 Apollo,336.9446595024043,-1.4199317977036081,-0.42878789576650356,0.05345848799338321
1862 Apollo,340.21596687621405,-1.3838376064924147,-0.4574788132428757,0.048521703333739334
1862 Apollo,343.4872742500238,-1.3463302903850534,-0.48570219772053436,0.04353540370148978
1862 Apollo,346.75858162383355,-1.3073707697432784,-0.5134012660843068,0.038502182919657194
1862 Apollo,350.0298889976433,-1.2669187357385492,-0.5405137551334191,0.033425050236432774
1862 Apollo,353.30119637145305,-1.2249327514500707,-0.5669712683408085,0.028307495925210167
1862 Apollo,356.5725037452628,-1.1813704040355573,-0.592698535761123,0.023153568050180443
1862 Apollo,359.84381111907254,-1.1361885233121052,-0.6176125756308122,0.017967962428842084
1862 Apollo,363.1151184928823,-1.0893434864101765,-0.6416217452453263,0.012756128190291822
1862 Apollo,366.38642586669204,-1.040791633689489,-0.664624668019397,0.007524391748369358
1862 Apollo,369.6577332405018,-0.9904898281439587,-0.6865090234958728,0.002280102478489643
1862 Apollo,372.92904061431153,-0.9383961994484535,-0.7071501878682569,-0.0029681961056509873
1862 Apollo,376.2003479881213,-0.884471125043526,-0.7264097149350751,-0.008210565361816573
1862 Apollo,379.471655361931,-0.8286785146793004,-0.7441336522307676,-0.013435435927159952
1862 Apollo,382.7429627357408,-0.7709874820837453,-0.7601506957386842,-0.018629332398967698
1862 Apollo,386.0142701095506,-0.7113745081727882,-0.7742702010651034,-0.023776553123209945
1862 Apollo,389.2855774833603,-0.6498262243884259,-0.7862800920563074,-0.02885880044427186
1862 Apollo,392.5568848571701,-0.5863429714477723,-0.795944743480709,-0.03385475825644227
1862 Apollo,395.8281922309798,-0.5209433156205726,-0.8030029677925782,-0.038739616780508565
1862 Apollo,399.09949960478957,-0.4536697265949371,-0.8071663137235292,-0.04348455008849855
1862 Apollo,402.3708069785993,-0.3845956286411521,-0.8081179940424306,-0.04805616130712048
1862 Apollo,405.64211435240907,-0.3138340139668193,-0.8055129083255017,-0.05241592533251794
1862 Apollo,408.9134217262188,-0.24154772802936444,-0.7989794171322825,-0.0565196812481862
1862 Apollo,412.18472910002856,-0.16796136315985288,-0.7881237490799071,-0.060317258241609654
1862 Apollo,415.4560364738383,-0.09337437945688576,-0.7725381521335108,-0.06375236019635314
1862 Apollo,418.72734384764806,-0.01817455737635104,-0.7518140658277691,-0.06676288249693345
1862 Apollo,421.9986512214578,0.05714985761409885,-0.7255615646263922,-0.06928188050653558
1862 Apollo,425.26995859526755,0.13200189395203799,-0.6934359101055374,-0.07123943268047693
1862 Apollo,428.5412659690773,0.2056749975829465,-0.6551710199318411,-0.07256560961908547
1862 Apollo,431.81257334288705,0.2773636554228941,-0.6106178525808632,-0.07319463285815685
1862 Apollo,435.0838807166968,0.34618912307327493,-0.5597832293062854,-0.07307005403039749
1862 Apollo,438.35518809050654,0.4112418045431234,-0.5028620917561109,-0.07215042215700274
1862 Apollo,441.6264954643163,0.47163796599567226,-0.44025482154443085,-0.0704145317925058
1862 Apollo,444.89780283812604,0.5265836435593554,-0.3725623920906832,-0.06786513499764621
1862 Apollo,448.1691102119358,0.5754347509302604,-0.3005563935358014,-0.06453013575402267
1862 Apollo,451.44041758574554,0.6177416890923952,-0.22512733967844065,-0.0604608152586422
1862 Apollo,454.71172495955534,0.6532701617219436,-0.14722056805928446,-0.055727390803393305
1862 Apollo,457.9830323333651,0.6819961794278427,-0.0677718126686756,-0.0504128689165174
1862 Apollo,461.25433970717484,0.7040796148134072,0.012346861496083605,-0.04460644203851141
1862 Apollo,464.5256470809846,0.7198246102386403,0.09236445783303093,-0.038397537572405153
1862 Apollo,467.79695445479433,0.7296357597975964,0.17163054116543042,-0.03187121075459
1862 Apollo,471.0682618286041,0.7339770899427904,0.2496193947899703,-0.025105105214115818
1862 Apollo,474.3395692024138,0.7333379609505737,0.32592323284764985,-0.0181678520597685
1862 Apollo,477.6108765762236,0.7282073525304464,0.40023898611523867,-0.011118594209796634
1862 Apollo,480.8821839500333,0.7190561743667956,0.47235233767675894,-0.004007280387562168
1862 Apollo,484.15349132384307,0.706326300704972,0.542121538689419,0.0031245843564554343
1862 Apollo,487.4247986976528,0.6904247415271588,0.6094624886197932,0.010242968830443747
1862 Apollo,490.69610607146257,0.671721457946231,0.6743357808692573,0.017320286851645703
1862 Apollo,493.9674134452723,0.6505495921279831,0.7367359048176838,0.024334406479936947
1862 Apollo,497.23872081908206,0.6272071804237735,0.796682504483653,0.03126774879418007
1862 Apollo,500.5100281928918,0.6019596868556987,0.8542134542528128,0.03810649760818968
1862 Apollo,503.78133556670156,0.5750429090796383,0.9093794654937594,0.04483992334807517
1862 Apollo,507.0526429405113,0.5466659690605258,0.962239942694425,0.05145981435041921
1862 Apollo,510.32395031432105,0.5170142139450966,1.0128598371807969,0.05796000414589539
1862 Apollo,513.5952576881308,0.486251929505187,1.061307284723453,0.06433598175607244
1862 Apollo,516.8665650619406,0.4545248188335367,1.1076518519087633,0.07058457224992179
1862 Apollo,520.1378724357503,0.4219622306548658,1.151963251031902,0.07670367590143493
1862 Apollo,523.4091798095601,0.388679140659115,1.1943104129779796,0.0826920557379327
1862 Apollo,526.6804871833698,0.3547778999732485,1.2347608319487264,0.08854916477746477
1862 Apollo,529.9517945571796,0.320349770249701,1.273380115441833,0.09427500567226176
1862 Apollo,533.2231019309893,0.2854762668836285,1.3102316883067615,0.09987001673635498
1862 Apollo,536.4944093047991,0.25023033191446264,1.3453766117233332,0.1053349794191629
1862 Apollo,539.7657166786088,0.21467735708688718,1.378873487252041,0.11067094319770332
1862 Apollo,543.0370240524186,0.17887607589198062,1.4107784232645284,0.11587916461454367
1862 Apollo,546.3083314262283,0.14287934152103232,1.4411450465518663,0.12096105780729144
1862 Apollo,549.5796388000381,0.10673480574503058,1.4700245461061106,0.12591815437944817
1862 Apollo,552.8509461738478,0.07048551189740948,1.4974657392747612,0.13075207087120463
1862 Apollo,556.1222535476576,0.03417041344544369,1.523515152930404,0.13546448241939368
1862 Apollo,559.3935609214674,-0.002175171887553118,1.5482171141578118,0.14005710146282616
1862 Apollo,562.6648682952771,-0.03851916383670839,1.571613846375838,0.1445316605647618
1862 Apollo,565.9361756690869,-0.0748323697164821,1.5937455678867019,0.14888989859821455
1862 Apollo,569.2074830428966,-0.11108817654559666,1.614650590661427,0.1531335496803021
1862 Apollo,572.4787904167064,-0.14726227966225103,1.6343654177885074,0.15726433435543177
1862 Apollo,575.7500977905161,-0.18333244308116026,1.6529248384802124,0.16128395261904915
1862 Apollo,579.0214051643259,-0.21927828750158007,1.6703620198831781,0.16519407844821093
1862 Apollo,582.2927125381356,-0.2550811024394154,1.6867085952042038,0.1689963555657496
1862 Apollo,585.5640199119454,-0.2907236794399308,1.7019947478593975,0.17269239421401347
1862 Apollo,588.835327285755,-0.32619016374163934,1.7162492915008727,0.17628376875425356
1862 Apollo,592.1066346595649,-0.3614659221168911,1.7294997458823675,0.17977201594046388
1862 Apollo,595.3779420333746,-0.396537424918771,1.7417724086025785,0.1831586337432259
1862 Apollo,598.6492494071844,-0.4313921406250132,1.753092422820008,0.18644508062103357
1862 Apollo,601.920556780994,-0.46601844139365645,1.7634838410710492,0.18963277515455151
1862 Apollo,605.1918641548039,-0.5004055183378942,1.7729696853481338,0.19272309597404172
1862 Apollo,608.4631715286135,-0.5345433053933594,1.7815720036102187,0.19571738192235705
1862 Apollo,611.7344789024233,-0.5684224107940591,1.78931192290618,0.19861693240593442
1862 Apollo,615.005786276233,-0.6020340552965261,1.7962096992946877,0.20142300789450102
1862 Apollo,618.2770936500428,-0.6353700163984138,1.8022847647432698,0.20413683053705695
1862 Apollo,621.5484010238525,-0.6684225778900769,1.8075557711856676,0.20675958486736495
1862 Apollo,624.8197083976623,-0.7011844841577383,1.8120406319110565,0.20929241857687855
1862 Apollo,628.091015771472,-0.7336488987263657,1.8157565604518946,0.21173644333693808
1862 Apollo,631.3623231452818,-0.7658093665908655,1.8187201071295114,0.21409273565530118
1862 Apollo,634.6336305190916,-0.7976597799368467,1.820947193408486,0.21636233775476416
1862 Apollo,637.9049378929013,-0.8291943468981863,1.8224531442025693,0.21854625846386683
1862 Apollo,641.1762452667111,-0.8604075630388452,1.8232527182666434,0.22064547411153831
1862 Apollo,644.4475526405208,-0.8912941852814323,1.823360136801059,0.22266092941908106
1862 Apollo,647.7188600143306,-0.9218492080359683,1.8227891103868212,0.22459353838418866
1862 Apollo,650.9901673881403,-0.9520678413092316,1.8215528643624885,0.226444185152755
1862 Apollo,1.0,-0.9612374786209464,1.8210441724845854,0.22699368098953557
1862 Apollo,7.0,-1.015579090073662,1.8167314306193236,0.23013282102828628
1862 Apollo,30.0,-1.2127613732739853,1.78126380234984,0.23973236056906386
1862 Apollo,180.0,-1.9876787175084498,0.9893953091886902,0.21849182126669922
2101 Adonis,0.0,-2.4375768389123795,-0.11614189019834864,-0.014976987185043943
2101 Adonis,4.7086859992265,-2.4674777208827336,-0.14690681555174356,-0.01582549329367269
2101 Adonis,9.417371998453,-2.4963066466818025,-0.1776079989367635,-0.016667126068015327
2101 Adonis,14.1260579976795,-2.524090615038054,-0.20823490826066637,-0.01750178361179273
2101 Adonis,18.834743996906,-2.5508551695191315,-0.2387777840922305,-0.018329374165749854
2101 Adonis,23.5434299961325,-2.5766245023156245,-0.2692275621741571,-0.019149814877576655
2101 Adonis,28.252115995359,-2.6014215486363796,-0.2995758047665923,-0.019963030724374407
2101 Adonis,32.960801994585495,-2.625268072720096,-0.32981463965448554,-0.020768953566308066
2101 Adonis,37.669487993812,-2.6481847463449366,-0.3599367058252171,-0.021567521313398053
2101 Adonis,42.3781739930385,-2.6701912206116023,-0.38993510496788086,-0.022358677190151124
2101 Adonis,47.086859992265,-2.6913061916833287,-0.4198033580671019,-0.023142369085016646
2101 Adonis,51.795545991491494,-2.7115474610864343,-0.44953536646641656,-0.02391854897356499
2101 Adonis,56.504231990718,-2.7309319911056726,-0.4791253768624678,-0.024687172405886866
2101 Adonis,61.2129179899445,-2.749475955748136,-0.5085679497641744,-0.025448198050058102
2101 Adonis,65.92160398917099,-2.7671947876967162,-0.5378579310130694,-0.026201587284652522
2101 Adonis,70.6302899883975,-2.784103221627864,-0.566990426013734,-0.026947303834246497
2101 Adonis,75.338975987624,-2.8002153342279317,-0.5959607763683727,-0.027685313442675802
2101 Adonis,80.0476619868505,-2.8155445812067756,-0.6247645386481899,-0.02841558357950001
2101 Adonis,84.756347986077,-2.8301038315759603,-0.6533974650674337,-0.029138083175723688
2101 Adonis,89.46503398530349,-2.8439053994312955,-0.6818554858545163,-0.02985278238533
2101 Adonis,94.17371998453,-2.856961073455008,-0.7101346931393496,-0.030559652369619453
2101 Adonis,98.8824059837565,-2.8692821443312457,-0.7382313261973332,-0.0312586651017192
2101 Adonis,103.59109198298299,-2.880879430249432,-0.766141757909015,-0.031949793188952705
2101 Adonis,108.29977798220949,-2.8917633006529804,-0.7938624823105197,-0.03263300971103722
2101 Adonis,113.008463981436,-2.901943698375687,-0.8213901031238746,-0.03330828807231789
2101 Adonis,117.7171499806625,-2.911430160294659,-0.8487213231686689,-0.03397560186645781
2101 Adonis,122.425835979889,-2.920231836616521,-0.8758529345671188,-0.03463492475218301
2101 Adonis,127.13452197911549,-2.9283575089028973,-0.9027818096640957,-0.035286230338841935
2101 Adonis,131.84320797834198,-2.935815606931463,-0.9295048925918686,-0.035929492080675376
2101 Adonis,136.55189397756848,-2.9426142244802285,-0.9560191914165977,-0.03656468317881414
2101 Adonis,141.260579976795,-2.9487611341148994,-0.982321770809992,-0.03719177649012689
2101 Adonis,145.9692659760215,-2.954263801052153,-1.0084097451952094,-0.0378107444421331
2101 Adonis,150.677951975248,-2.9591293961653653,-1.0342802723210394,-0.038421558953276855
2101 Adonis,155.3866379744745,-2.9633648081936235,-1.059930547222837,-0.03902419135792849
2101 Adonis,160.095323973701,-2.966976655209689,-1.0853577965325698,-0.03961861233554334
2101 Adonis,164.8040099729275,-2.9699712953979365,-1.1105592731038139,-0.04020479184346176
2101 Adonis,169.512695972154,-2.972354837189073,-1.1355322509206014,-0.04078269905288306
2101 Adonis,174.22138197138048,-2.9741331487945932,-1.1602740202617643,-0.04135230228758817
2101 Adonis,178.93006797060698,-2.975311867180465,-1.1847818830948385,-0.0419135689650237
2101 Adonis,183.6387539698335,-2.975896406516361,-1.2090531486757303,-0.04246646553939195
2101 Adonis,188.34743996906,-2.975891966133899,-1.233085129332327,-0.04301095744642195
2101 Adonis,193.0561259682865,-2.9753035380246704,-1.2568751364118476,-0.043547009049519726
2101 Adonis,197.764811967513,-2.974135913906504,-1.2804204763733331,-0.044074583587020474
2101 Adonis,202.4734979667395,-2.972393691884175,-1.3037184470079617,-0.04459364312028286
2101 Adonis,207.18218396596598,-2.970081282728782,-1.326766333771082,-0.045104148482383394
2101 Adonis,211.89086996519248,-2.9672029157981568,-1.3495614062109407,-0.04560605922718358
2101 Adonis,216.59955596441898,-2.9637626446190324,-1.3721009144799425,-0.04609933357855416
2101 Adonis,221.3082419636455,-2.959764352150091,-1.3943820859151845,-0.04658392837955251
2101 Adonis,226.016927962872,-2.955211755743627,-1.4164021216756548,-0.04705979904135772
2101 Adonis,230.7256139620985,-2.950108411822245,-1.4381581934241194,-0.047526899491774896
2101 Adonis,235.434299961325,-2.944457720285805,-1.4596474400422934,-0.04798518212312737
2101 Adonis,240.1429859605515,-2.9382629286627022,-1.4808669643682908,-0.048434597739358924
2101 Adonis,244.851671959778,-2.931527136018576,-1.501813829945777,-0.0488750955021726
2101 Adonis,249.56035795900448,-2.924253296634551,-1.5224850577745348,-0.04930662287603428
2101 Adonis,254.26904395823098,-2.916444223466264,-1.5428776230523964,-0.049729125571870425
2101 Adonis,258.9777299574575,-2.90810259139412,-1.5629884518987063,-0.05014254748929001
2101 Adonis,263.68641595668396,-2.899230940274439,-1.582814418049574,-0.05054683065715876
2101 Adonis,268.3951019559105,-2.889831677800483,-1.6023523395152908,-0.05094191517235341
2101 Adonis,273.10378795513697,-2.8799070821816937,-1.6215989751902171,-0.05132773913651809
2101 Adonis,277.8124739543635,-2.8694593046488617,-1.6405510214055286,-0.05170423859064465
2101 Adonis,282.52115995359,-2.8584903717923886,-1.6592051084149866,-0.052071347447289994
2101 Adonis,287.2298459528165,-2.8470021877402925,-1.6775577968038677,-0.05242899742024075
2101 Adonis,291.938531952043,-2.8349965361820884,-1.695605573810889,-0.05277711795142604
2101 Adonis,296.6472179512695,-2.8224750822442615,-1.7133448495527959,-0.053115636134873134
2101 Adonis,301.355903950496,-2.8094393742225874,-1.7307719531409174,-0.053444476637490315
2101 Adonis,306.06458994972246,-2.7958908451761872,-1.7478831286786318,-0.053763561616451114
2101 Adonis,310.773275948949,-2.78183081438782,-1.7646745311282888,-0.0540728106329433
2101 Adonis,315.48196194817547,-2.767260488694571,-1.7811422220356068,-0.05437214056203213
2101 Adonis,320.190647947402,-2.7521809636927848,-1.7972821650990498,-0.054661465498374216
2101 Adonis,324.8993339466285,-2.7365932248207936,-1.8130902215710045,-0.054940696657501537
2101 Adonis,329.608019945855,-2.7204981483226884,-1.8285621454769523,-0.05520974227237892
2101 Adonis,334.3167059450815,-2.7038965020961703,-1.8436935786379873,-0.055468507484918876
2101 Adonis,339.025391944308,-2.686788946427247,-1.858480045481204,-0.055716894232116794
2101 Adonis,343.7340779435345,-2.6691760346143405,-1.872916947621494,-0.055954801126446616
2101 Adonis,348.44276394276096,-2.6510582134841782,-1.8869995581972652,-0.05618212333013299
2101 Adonis,353.1514499419875,-2.63243582380166,-1.9007230159413968,-0.05639875242288726
2101 Adonis,357.86013594121397,-2.613309100575747,-1.914082318967465,-0.056604576262665594
2101 Adonis,362.5688219404405,-2.5936781732632777,-1.9270723182498815,-0.05679947883897485
2101 Adonis,367.277507939667,-2.573543065872528,-1.9396877107749821,-0.05698334011821499
2101 Adonis,371.9861939388935,-2.5529036969682206,-1.951923032338423,-0.057156035880508604
2101 Adonis,376.69487993812,-2.531759879579667,-1.963772649962348,-0.05731743754742453
2101 Adonis,381.40356593734646,-2.510111321013663,-1.9752307539036722,-0.05746741199995462
2101 Adonis,386.112251936573,-2.4879576225738016,-1.9862913492226049,-0.057605821386052636
2101 Adonis,390.82093793579946,-2.465298279187893,-1.996948246877929,-0.0577325229169848
2101 Adonis,395.529623935026,-2.442132678945241,-2.0071950543128425,-0.05784736865168127
2101 Adonis,400.23830993425247,-2.418460102545727,-2.017025165492046,-0.05795020526820706
2101 Adonis,404.946995933479,-2.394279722662758,-2.0264317503473928,-0.0580408738213962
2101 Adonis,409.6556819327055,-2.36959060322244,-2.03540774358566,-0.058119209485608524
2101 Adonis,414.36436793193195,-2.344391698601628,-2.0439458328078466,-0.0581850412814762
2101 Adonis,419.0730539311585,-2.3186818527479196,-2.0520384458848255,-0.0582381917854055
2101 Adonis,423.78173993038496,-2.2924597982251513,-2.0596777375290376,-0.05827847682048529
2101 Adonis,428.4904259296115,-2.2657241551885616,-2.0668555749963207,-0.05830570512732993
2101 Adonis,433.19911192883797,-2.2384734302945324,-2.073563522845596,-0.05831967801324394
2101 Adonis,437.9077979280645,-2.21070601555069,-2.079792826677206,-0.058320188977942895
2101 Adonis,442.616483927291,-2.182420187113257,-2.085534395762823,-0.0583070233138925
2101 Adonis,447.3251699265175,-2.1536141040397734,-2.090778784471176,-0.05827995767913744
2101 Adonis,452.033855925744,-2.1242858070068764,-2.095516172384057,-0.058238759640277735
2101 Adonis,456.74254192497045,-2.094433217004608,-2.0997363429861955,-0.05818318718301291
2101 Adonis,461.451227924197,-2.064054134020902,-2.103428660800285,-0.05811298818740703
2101 Adonis,466.15991392342346,-2.0331462357324708,-2.106582046824756,-0.05802789986472987
2101 Adonis,470.86859992265,-2.0017070762213365,-2.1091849521163404,-0.057927648152392666
2101 Adonis,475.57728592187647,-1.9697340847398852,-2.111225329342064,-0.05781194706312133
2101 Adonis,480.285971921103,-1.937224564551646,-2.112690602105558,-0.057680497984083784
2101 Adonis,484.9946579203295,-1.9041756918800758,-2.11356763183027,-0.05753298892120879
2101 Adonis,489.703343919556,-1.8705845150037415,-2.1138426819568443,-0.05736909368339092
2101 Adonis,494.4120299187825,-1.8364479535435434,-2.1135013791832025,-0.05718847100066195
2101 Adonis,499.12071591800895,-1.801762797996259,-2.1125286714430858,-0.05699076356971006
2101 Adonis,503.8294019172355,-1.766525709579037,-2.110908782281501,-0.05677559701933542
2101 Adonis,508.53808791646196,-1.7307332204618193,-2.1086251612427547,-0.05654257878752389
2101 Adonis,513.2467739156884,-1.6943817344794836,-2.1056604298377835,-0.056291296900786617
2101 Adonis,517.955459914915,-1.6574675284333176,-2.101996322601254,-0.05602131864522868
2101 Adonis,522.6641459141415,-1.619986754112789,-2.097613622684034,-0.05573218911744887
2101 Adonis,527.3728319133679,-1.581935441194512,-2.0924920913518212,-0.05542342964180831
2101 Adonis,532.0815179125944,-1.5433095012064146,-2.0866103906740268,-0.05509453603879946
2101 Adonis,536.790203911821,-1.5041047327831016,-2.0799459985863957,-0.05474497672715934
2101 Adonis,541.4988899110475,-1.4643168284843906,-2.072475115393703,-0.05437419063994965
2101 Adonis,546.2075759102739,-1.4239413835051709,-2.0641725606420342,-0.053981584932010884
2101 Adonis,550.9162619095005,-1.3829739066734086,-2.0550116591299794,-0.053566532452915316
2101 Adonis,555.624947908727,-1.3414098342174623,-2.044964114639794,-0.05312836895570601
2101 Adonis,560.3336339079535,-1.2992445468877198,-2.0339998697477277,-0.052666390007207034
2101 Adonis,565.04231990718,-1.256473391145909,-2.022086949810309,-0.05217984756039544
2101 Adonis,569.7510059064065,-1.213091705294854,-2.0091912889119756,-0.05166794614307672
2101 Adonis,574.459691905633,-1.1690948516200739,-1.9952765351885617,-0.05112983860970796
2101 Adonis,579.1683779048594,-1.124478255863199,-1.9803038324977833,-0.05056462139442672
2101 Adonis,583.877063904086,-1.0792374556599809,-1.9642315748758357,-0.049971329192872393
2101 Adonis,588.5857499033125,-1.0333681599709004,-1.9470151295781937,-0.04934892898786521
2101 Adonis,593.294435902539,-0.9868663220343875,-1.9286065237273238,-0.048696313318980874
2101 Adonis,598.0031219017654,-0.9397282290142096,-1.9089540886480243,-0.04801229267796567
2101 Adonis,602.711807900992,-0.8919506123364146,-1.888002054821817,-0.04729558689006758
2101 Adonis,607.4204939002185,-0.8435307837765423,-1.8656900889834835,-0.04654481531484551
2101 Adonis,612.1291798994449,-0.7944668037434531,-1.8419527631489867,-0.04575848566775042
2101 Adonis,616.8378658986715,-0.7447576900216045,-1.816718943220041,-0.04493498122438917
2101 Adonis,621.546551897898,-0.6944036776288353,-1.7899110821467956,-0.04407254612115672
2101 Adonis,626.2552378971245,-0.6434065436318587,-1.7614443993056415,-0.04316926840672865
2101 Adonis,630.9639238963509,-0.5917700150315358,-1.7312259235813587,-0.04222306042609792
2101 Adonis,635.6726098955775,-0.5395002836038979,-1.6991533723955747,-0.04123163602919104
2101 Adonis,640.381295894804,-0.48660665946296777,-1.6651138322916885,-0.040192483985745195
2101 Adonis,645.0899818940304,-0.43310240597112104,-1.628982198277372,-0.03910283685259733
2101 Adonis,649.798667893257,-0.3790058137453953,-1.5906193184397295,-0.03795963437400382
2101 Adonis,654.5073538924835,-0.32434159279996655,-1.5498697767596767,-0.036759480295557465
2101 Adonis,659.21603989171,-0.26914269219543063,-1.5065592298058503,-0.035498591235117186
2101 Adonis,663.9247258909364,-0.21345270030920016,-1.4604911912308511,-0.03417273598273235
2101 Adonis,668.633411890163,-0.15732904275900528,-1.411443130898435,-0.032777163311366174
2101 Adonis,673.3420978893895,-0.10084728969562984,-1.3591617225834325,-0.03130651611461726
2101 Adonis,678.050783888616,-0.044107026453363396,-1.3033570362501126,-0.02975472954864477
2101 Adonis,682.7594698878424,0.012760041528918742,-1.2436954317910403,-0.0281149110676872
2101 Adonis,687.468155887069,0.06957874299417038,-1.1797908821233272,-0.0263792012855614
2101 Adonis,692.1768418862955,0.12611432133716738,-1.111194463281496,-0.02453861748281313
2101 Adonis,696.8855278855219,0.18204917230360557,-1.0373818656184932,-0.02258288845189936
2101 Adonis,701.5942138847485,0.23694873248148063,-0.9577391612798032,-0.020500304780524885
2101 Adonis,706.302899883975,0.2902106748726853,-0.8715480720460758,-0.018277642358043956
2101 Adonis,711.0115858832015,0.34098822185016064,-0.7779744521067158,-0.0159002898116566
2101 Adonis,715.7202718824279,0.38807348430012767,-0.6760695318751124,-0.013352867534183986
2101 Adonis,720.4289578816545,0.42972090881135006,-0.5648068757291789,-0.010620959245985231
2101 Adonis,725.137643880881,0.4633893385711626,-0.4432075928457962,-0.0076952553797872345
2101 Adonis,729.8463298801074,0.4854052859340924,-0.31066548013782763,-0.004580625543313342
2101 Adonis,734.555015879334,0.4906665090514505,-0.16767147521532877,-0.0013140343858689197
2101 Adonis,739.2637018785605,0.472847184557189,-0.017132024439823063,0.002006626066447953
2101 Adonis,743.972387877787,0.42608556258246266,0.1341049269429509,0.005196508036512679
2101 Adonis,748.6810738770134,0.34860968968702205,0.2754810504990846,0.00800740758428194
2101 Adonis,753.38975987624,0.24549718142421847,0.39676610173298943,0.01023324508269723
2101 Adonis,758.0984458754665,0.12646608219409963,0.49296581599024236,0.011810079364498753
2101 Adonis,762.8071318746929,0.0008573958024303829,0.5648834498077708,0.012803419385829472
2101 Adonis,767.5158178739194,-0.1250287563256134,0.6162758616626263,0.01333029556074206
2101 Adonis,772.224503873146,-0.2477687204920613,0.6513599168879324,0.01350359281573755
2101 Adonis,776.9331898723725,-0.3657885588249519,0.673755498834407,0.01341330156557822
2101 Adonis,781.6418758715989,-0.4785245021510377,0.6862874598775972,0.013126282343483784
2101 Adonis,786.3505618708255,-0.5859199160627893,0.6910897969877645,0.012691173888540871
2101 Adonis,791.059247870052,-0.6881560542489297,0.6897655635112203,0.012143380050154882
2101 Adonis,795.7679338692784,-0.7855144904103293,0.6835264689728593,0.011508929560619455
2101 Adonis,800.4766198685049,-0.8783086044005861,0.6732987551115251,0.010807221962733957
2101 Adonis,805.1853058677315,-0.9668504319541545,0.6597997329512693,0.010052929673960256
2101 Adonis,809.893991866958,-1.0514354957963077,0.6435923449176784,0.009257311074813668
2101 Adonis,814.6026778661844,-1.1323367325637048,0.6251240962173823,0.008429123370436161
2101 Adonis,819.311363865411,-1.209802960764717,0.6047550498187871,0.007575264657514758
2101 Adonis,824.0200498646375,-1.2840595427246737,0.582778177792882,0.006701231690564125
2101 Adonis,828.7287358638639,-1.355310028571317,0.559434336979569,0.00581145087299138
2101 Adonis,833.4374218630904,-1.4237381601521644,0.5349234269694478,0.0049095209244909965
2101 Adonis,838.146107862317,-1.4895099220425925,0.5094128059378334,0.003998393178611479
2101 Adonis,842.8547938615435,-1.5527754897357333,0.4830437132889356,0.0030805072395482976
2101 Adonis,847.5634798607699,-1.6136710107519547,0.45593622616458584,0.0021578942655778068
2101 Adonis,852.2721658599964,-1.6723201988298642,0.4281931249242097,0.0012322564787377935
2101 Adonis,856.980851859223,-1.7288357436707587,0.3999029376403129,0.0003050290068732503
2101 Adonis,861.6895378584495,-1.7833205491570536,0.3711423602305526,-0.0006225715523684658
2101 Adonis,866.3982238576759,-1.835868817106943,0.3419781969682635,-0.0015495086524592652
2101 Adonis,871.1069098569025,-1.886566994490562,0.3124689290520717,-0.002474895054796193
2101 Adonis,875.815595856129,-1.9354946012691774,0.282665992153764,-0.0033979680748493363
2101 Adonis,880.5242818553554,-1.9827249545251115,0.2526148243372841,-0.004318069505969243
2101 Adonis,885.232967854582,-2.0283258028049156,0.22235573135166598,-0.00523462922638087
2101 Adonis,889.9416538538085,-2.0723598828489895,0.19192460559386815,-0.006147151728626676
2101 Adonis,894.650339853035,-2.1148854092473712,0.1613535269982942,-0.007055204984598818
2101 Adonis,899.3590258522614,-2.155956506093543,0.13067126802104567,-0.007958411189824807
2101 Adonis,904.067711851488,-2.1956235884189974,0.09990372023716076,-0.008856439029496423
2101 Adonis,908.7763978507145,-2.23393370007489,0.06907425649047128,-0.00974899718416141
2101 Adonis,913.4850838499409,-2.270930813768742,0.03820403976064113,-0.01063582885102133
2101 Adonis,918.1937698491674,-2.3066560981457895,0.007312287744970725,-0.011516707101732995
2101 Adonis,922.902455848394,-2.341148156107998,-0.023583499551142695,-0.012391430932685427
2101 Adonis,927.6111418476205,-2.374443237971685,-0.05446734326924818,-0.01325982189126957
2101 Adonis,932.3198278468469,-2.4065754325616675,-0.08532461532563385,-0.014121721183424033
2101 Adonis,937.0285138460735,-2.4375768389123786,-0.11614189019834864,-0.01497698718504394
2101 Adonis,1.0,-2.4440180456538094,-0.12268032137625418,-0.015157756762870876
2101 Adonis,7.0,-2.481638480746896,-0.16185508382402258,-0.01623590895883685
2101 Adonis,30.0,-2.610383284289038,-0.3108137589357608,-0.02026304723722563
2101 Adonis,180.0,-2.9754966662429174,-1.1903177948802028,-0.042039937083630075
69230 Hermes,0.0,0.27107441579920344,-2.0290721742849898,-0.17690814414902842
69230 Hermes,3.9043487937751045,0.3003725575736441,-2.000539828458181,-0.17277570437098327
69230 Hermes,7.808697587550209,0.3295086855650997,-1.9709291720505457,-0.1685501422603178
69230 Hermes,11.713046381325313,0.35846037292195043,-1.9402160167282272,-0.16423030248356593
69230 Hermes,15.617395175100418,0.3872035635391976,-1.9083750538633346,-0.1598150055337996
69230 Hermes,19.521743968875523,0.41571240703929746,-1.8753797936523369,-0.155303050216153
69230 Hermes,23.426092762650626,0.4439590736390874,-1.8412025015206916,-0.15069321687792928
69230 Hermes,27.330441556425733,0.471913545990049,-1.8058141320495822,-0.14598427155011584
69230 Hermes,31.234790350200836,0.49954338459576453,-1.769184260808022,-0.14117497120497713
69230 Hermes,35.13913914397594,0.5268134628377541,-1.7312810146716595,-0.13626407038142588
69230 Hermes,39.043487937751046,0.5536856669612866,-1.6920710014746043,-0.1312503294884954
69230 Hermes,42.94783673152615,0.5801185555645832,-1.651519240194585,-0.12613252517059656
69230 Hermes,46.85218552530125,0.6060669721729659,-1.6095890933433856,-0.12090946321027492
69230 Hermes,50.75653431907636,0.6314816033330101,-1.5662422038630759,-0.11557999456011328
69230 Hermes,54.660883112851465,0.6563084732949379,-1.5214384396659622,-0.11014303524189234
69230 Hermes,58.565231906626565,0.6804883647218387,-1.4751358500728906,-0.10459759103685089
69230 Hermes,62.46958070040167,0.7039561529232765,-1.4272906398956666,-0.09894278812721528
69230 Hermes,66.37392949417678,0.7266400388038782,-1.3778571689034727,-0.09317791115086414
69230 Hermes,70.27827828795188,0.7484606629857727,-1.3267879870857713,-0.08730245051745109
69230 Hermes,74.18262708172699,0.769330080348609,-1.2740339197137045,-0.08131616133080817
69230 Hermes,78.08697587550209,0.7891505704821903,-1.219544221034575,-0.07521913690208287
69230 Hermes,81.99132466927719,0.8078132552384308,-1.163266821955777,-0.06901190066398234
69230 Hermes,85.8956734630523,0.8251964897282029,-1.1051487058952092,-0.06269552136457465
69230 Hermes,89.8000222568274,0.8411639878631184,-1.045136458928719,-0.05627175780119674
69230 Hermes,93.7043710506025,0.8555626382070134,-0.9831770565858315,-0.04974324114193943
69230 Hermes,97.60871984437762,0.868219961120549,-0.9192189716670394,-0.043113705185880945
69230 Hermes,101.51306863815272,0.8789411551645335,-0.8532137173274532,-0.036388277865801795
69230 Hermes,105.41741743192782,0.8875056816428268,-0.7851179800716649,-0.029573851042113516
69230 Hermes,109.32176622570293,0.8936633447816427,-0.7148965516170349,-0.022679550304485336
69230 Hermes,113.22611501947803,0.8971298477501853,-0.6425263408189745,-0.01571733214703883
69230 Hermes,117.13046381325313,0.8975818521410931,-0.5680018411979143,-0.008702742379489647
69230 Hermes,121.03481260702824,0.8946516578810549,-0.4913425491137508,-0.0016558764103496413
69230 Hermes,124.93916140080334,0.8879217790364514,-0.41260297113354344,0.005397412371566149
69230 Hermes,128.84351019457844,0.876919959869832,-0.33188601470624135,0.012424008652843117
69230 Hermes,132.74785898835356,0.8611156134674506,-0.24936068837314404,0.01938169758514573
69230 Hermes,136.65220778212867,0.8399193465683605,-0.16528506409665705,0.026216986778403947
69230 Hermes,140.55655657590376,0.8126882305382449,-0.0800352083940511,0.03286265373151709
69230 Hermes,144.46090536967887,0.7787408008281753,0.005860028811880913,0.03923522695349797
69230 Hermes,148.36525416345398,0.7373872295867809,0.09168033481899068,0.04523285581787998
69230 Hermes,152.26960295722907,0.6879810807099401,0.1764767898843313,0.050734396594791106
69230 Hermes,156.17395175100418,0.6299981019336097,0.2590470420200327,0.05560099741398889
69230 Hermes,160.0783005447793,0.5631423330007381,0.3379399639292978,0.05968180631756748
69230 Hermes,163.98264933855438,0.48746819289070326,0.4115109178963158,0.06282522130876293
69230 Hermes,167.8869981323295,0.4034900206055115,0.47804377321496005,0.0648957800769684
69230 Hermes,171.7913469261046,0.31223588825779053,0.5359356303399587,0.06579416469669072
69230 Hermes,175.6956957198797,0.21520538035803824,0.5839075849741844,0.0654748788192594
69230 Hermes,179.6000445136548,0.1142215371391091,0.6211784416740619,0.06395519106422742
69230 Hermes,183.50439330742992,0.011213615866172422,0.6475424296200172,0.06131163482847799
69230 Hermes,187.408742101205,-0.09200175086438561,0.663331058158878,0.057665558072069245
69230 Hermes,191.31309089498012,-0.19388037046197482,0.6692873080732143,0.05316338039746585
69230 Hermes,195.21743968875523,-0.29322603071294,0.6664054951402811,0.04795781590723778
69230 Hermes,199.12178848253032,-0.38919220820593325,0.6557840330969626,0.04219397406809856
69230 Hermes,203.02613727630543,-0.481237800361747,0.638515915833574,0.03600128348228742
69230 Hermes,206.93048607008055,-0.5690642345682524,0.6156208615761065,0.029490249652278484
69230 Hermes,210.83483486385563,-0.6525524102455749,0.5880115196186425,0.022752416906366785
69230 Hermes,214.73918365763075,-0.7317086249182202,0.5564829453387639,0.015862067134189
69230 Hermes,218.64353245140586,-0.8066222249641506,0.5217158458958118,0.008878628087892746
69230 Hermes,222.54788124518095,-0.8774343427533278,0.4842867928216611,0.0018491846029272765
69230 Hermes,226.45223003895606,-0.944315768302912,0.44468112280408617,-0.005189211740387774
69230 Hermes,230.35657883273117,-1.0074517966550733,0.40330610886523355,-0.012207554118119846
69230 Hermes,234.26092762650626,-1.0670321578158883,0.36050318876098764,-0.019183232904460397
69230 Hermes,238.16527642028137,-1.123244535463864,0.3165587499636679,-0.026098701818505685
69230 Hermes,242.0696252140565,-1.1762705628517318,0.2717133597691371,-0.03294041301387231
69230 Hermes,245.97397400783157,-1.226283497761369,0.22616952259182443,-0.0396979737625594
69230 Hermes,249.87832280160669,-1.273447016514397,0.18009812891184213,-0.046363481483551794
69230 Hermes,253.7826715953818,-1.3179147402970435,0.13364378337959626,-0.052931000311676565
69230 Hermes,257.6870203891569,-1.3598302298242984,0.08692919327592091,-0.059396149092657724
69230 Hermes,261.591369182932,-1.39932726991619,0.040058779483289175,-0.06575577672669106
69230 Hermes,265.4957179767071,-1.4365303245220722,-0.0068783508997660725,-0.0720077058720958
69230 Hermes,269.4000667704822,-1.471555083062595,-0.05380595385552667,-0.07815053015279254
69230 Hermes,273.30441556425734,-1.5045090463926616,-0.10065862366068457,-0.08418345329494693
69230 Hermes,277.2087643580324,-1.5354921192554056,-0.14738011560227915,-0.09010616118988893
69230 Hermes,281.1131131518075,-1.564597188597476,-0.19392195247946065,-0.0959187198803926
69230 Hermes,285.0174619455826,-1.5919106754787729,-0.24024226325586617,-0.10162149401635041
69230 Hermes,288.92181073935774,-1.6175130538571831,-0.28630481205472535,-0.10721508152348655
69230 Hermes,292.82615953313285,-1.6414793331646933,-0.3320781836329605,-0.11270026115471653
69230 Hermes,296.73050832690797,-1.6638795039325616,-0.3775350978702534,-0.11807795031051077
69230 Hermes,300.634857120683,-1.6847789471910755,-0.4226518309569314,-0.12334917107052942
69230 Hermes,304.53920591445814,-1.7042388092510192,-0.467407725104821,-0.12851502281104624
69230 Hermes,308.44355470823325,-1.722316343965051,-0.5117847719378658,-0.13357666011975558
69230 Hermes,312.34790350200836,-1.739065224801164,-0.5557672574060859,-0.13853527498326146
69230 Hermes,316.2522522957835,-1.7545358291278859,-0.5993414582367829,-0.14339208242952733
69230 Hermes,320.1566010895586,-1.7687754970732645,-0.6424953816944604,-0.14814830897059802
69230 Hermes,324.06094988333365,-1.7818287672184396,-0.6852185418476505,-0.15280518331973494
69230 Hermes,327.96529867710876,-1.7937375912494316,-0.7275017667027629,-0.15736392895930743
69230 Hermes,331.8696474708839,-1.8045415295359608,-0.7693370315135525,-0.16182575821708145
69230 Hermes,335.773996264659,-1.8142779294457252,-0.8107173143519131,-0.16619186757349114
69230 Hermes,339.6783450584341,-1.8229820880440049,-0.8516364706638996,-0.1704634339744791
69230 Hermes,343.5826938522092,-1.8306874006765297,-0.8920891240609292,-0.1746416119662994
69230 Hermes,347.4870426459843,-1.8374254967907917,-0.9320705710308227,-0.17872753150237145
69230 Hermes,351.3913914397594,-1.8432263642187001,-0.9715766976137263,-0.1827222962995147
69230 Hermes,355.2957402335345,-1.8481184630222587,-1.0106039063876686,-0.18662698264299019
69230 Hermes,359.2000890273096,-1.8521288298934877,-1.0491490523583704,-0.19044263855773358
69230 Hermes,363.10443782108473,-1.8552831739999305,-1.0872093865569363,-0.19417028327780986
69230 Hermes,367.00878661485984,-1.8576059650768912,-1.1247825063242982,-0.1978109069580832
69230 Hermes,370.9131354086349,-1.8591205144865677,-1.161866311408708,-0.20136547058190402
69230 Hermes,374.81748420241,-1.859849049891492,-1.1984589651268593,-0.20483490602666046
69230 Hermes,378.7218329961851,-1.8598127841245635,-1.23455885994425,-0.20822011625566306
69230 Hermes,382.62618178996024,-1.8590319787796519,-1.2701645869195208,-0.21152197561029445
69230 Hermes,386.53053058373536,-1.857526002994574,-1.3052749085331248,-0.2147413301808605
69230 Hermes,390.43487937751047,-1.8553133878516246,-1.3398887344851593,-0.21787899823831167
69230 Hermes,394.3392281712855,-1.8524118767791014,-1.37400510010219,-0.2209357707120907
69230 Hermes,398.24357696506064,-1.8488384722999651,-1.4076231470400415,-0.22391241170193238
69230 Hermes,402.14792575883575,-1.844609479440404,-1.440742106009804,-0.22680965901356245
69230 Hermes,406.05227455261087,-1.839740546081151,-1.473361281289119,-0.22962822471002334
69230 Hermes,409.956623346386,-1.834246700507669,-1.505480036810591,-0.23236879567181878
69230 Hermes,413.8609721401611,-1.8281423863913076,-1.5370977836450488,-0.23503203416030718
69230 Hermes,417.76532093393615,-1.8214414954120168,-1.5682139687196042,-0.2376185783797872
69230 Hermes,421.66966972771127,-1.814157397713888,-1.5988280646297925,-0.24012904303457563
69230 Hermes,425.5740185214864,-1.8063029703674287,-1.6289395604219035,-0.2425640198780923
69230 Hermes,429.4783673152615,-1.7978906239968904,-1.6585479532360623,-0.2449240782515492
69230 Hermes,433.3827161090366,-1.7889323277169094,-1.6876527407134152,-0.24720976561034175
69230 Hermes,437.2870649028117,-1.7794396325100583,-1.7162534140818186,-0.24942160803664967
69230 Hermes,441.1914136965868,-1.769423693165542,-1.7443494518440397,-0.25156011073708906
69230 Hermes,445.0957624903619,-1.7588952888889358,-1.7719403140010361,-0.253625758524549
69230 Hermes,449.000111284137,-1.7478648426836045,-1.7990254367502025,-0.2556190162835718
69230 Hermes,452.9044600779121,-1.7363424395960076,-1.8256042276050402,-0.2575403294188348
69230 Hermes,456.80880887168723,-1.7243378439095325,-1.8516760608883724,-0.2593901242864445
69230 Hermes,460.71315766546235,-1.7118605153645967,-1.8772402735562654,-0.261168808607887
69230 Hermes,464.6175064592374,-1.6989196244765052,-1.902296161314264,-0.26287677186658487
69230 Hermes,468.5218552530125,-1.685524067016951,-1.9268429749913887,-0.2645143856870881
69230 Hermes,472.42620404678763,-1.6716824777198618,-1.9508799171408202,-0.26608200419700406
69230 Hermes,476.33055284056275,-1.6574032432676749,-1.9744061388392178,-0.2675799643718156
69230 Hermes,480.23490163433786,-1.6426945146098644,-1.997420736659291,-0.2690085863627846
69230 Hermes,484.139250428113,-1.6275642186617345,-2.0199227497925984,-0.27036817380816264
69230 Hermes,488.04359922188803,-1.6120200694279547,-2.041911157301646,-0.2716590141279567
69230 Hermes,491.94794801566314,-1.5960695785921764,-2.063384875482205,-0.27288137880251156
69230 Hermes,495.85229680943826,-1.5797200656111314,-2.084342755318377,-0.27403552363518
69230 Hermes,499.75664560321337,-1.562978667349036,-2.10478358001438,-0.2751216889993534
69230 Hermes,503.6609943969885,-1.545852347285678,-2.124706062588312,-0.27614010007012957
69230 Hermes,507.5653431907636,-1.5283479043294301,-2.144108843514212,-0.2770909670408866
69230 Hermes,511.4696919845387,-1.5104719812644352,-2.1629904883997595,-0.2779744853250268
69230 Hermes,515.3740407783138,-1.4922310728594141,-2.1813494856878046,-0.2787908357431465
69230 Hermes,519.2783895720889,-1.473631533663946,-2.1991842443706138,-0.2795401846958747
69230 Hermes,523.182738365864,-1.4546795855165573,-2.2164930917064263,-0.28022268432261066
69230 Hermes,527.087087159639,-1.4353813247876568,-2.233274270928439,-0.2808384726463799
69230 Hermes,530.9914359534142,-1.4157427293791651,-2.249525938936785,-0.2813876737050083
69230 Hermes,534.8957847471893,-1.3957696655015734,-2.2652461639645223,-0.2818703976687995
69230 Hermes,538.8001335409645,-1.3754678942482308,-2.2804329232089384,-0.2822867409448877
69230 Hermes,542.7044823347395,-1.354843077985848,-2.2950841004197424,-0.2826367862684126
69230 Hermes,546.6088311285147,-1.3339007865793553,-2.309197483435946,-0.28292060278065434
69230 Hermes,550.5131799222897,-1.3126465034687094,-2.322770761663371,-0.28313824609424065
69230 Hermes,554.4175287160648,-1.2910856316146215,-2.335801523484799,-0.2832897583455247
69230 Hermes,558.32187750984,-1.2692234993297005,-2.348287253594882,-0.28337516823420983
69230 Hermes,562.226226303615,-1.2470653660111644,-2.3602253302518674,-0.28339449105028125
69230 Hermes,566.1305750973902,-1.2246164277909268,-2.3716130224382193,-0.2833477286882842
69230 Hermes,570.0349238911652,-1.2018818231186448,-2.3824474869220618,-0.28323486964896777
69230 Hermes,573.9392726849403,-1.1788666382932005,-2.392725765211299,-0.28305588902829676
69230 Hermes,577.8436214787155,-1.1555759129580072,-2.4024447803920475,-0.2828107484938129
69230 Hermes,581.7479702724905,-1.1320146455755253,-2.411601333842841,-0.28249939624830744
69230 Hermes,585.6523190662657,-1.10818779889651,-2.4201921018157835,-0.2821217669807489
69230 Hermes,589.5566678600408,-1.0841003054396974,-2.428213631875528,-0.2816777818043898
69230 Hermes,593.4610166538159,-1.0597570729978205,-2.435662339186637,-0.28116734818195643
69230 Hermes,597.365365447591,-1.0351629901863515,-2.442534502639455,-0.2805903598378096
69230 Hermes,601.269714241366,-1.010322932051646,-2.4488262608042217,-0.27994669665694133
69230 Hermes,605.1740630351412,-0.9852417657558253,-2.454533607702658,-0.2792362245706579
69230 Hermes,609.0784118289163,-0.9599243563563724,-2.459652388385697,-0.27845879542878105
69230 Hermes,612.9827606226914,-0.9343755726990786,-2.46417829430551,-0.2776142468581784
69230 Hermes,616.8871094164665,-0.9086002934439865,-2.468106858469249,-0.27670240210742264
69230 Hermes,620.7914582102416,-0.8826034132448867,-2.4714334503613036,-0.2757230698773579
69230 Hermes,624.6958070040167,-0.8563898491040667,-2.474153270620063,-0.274676044137341
69230 Hermes,628.6001557977918,-0.8299645469253564,-2.4762613454543456,-0.2735611039269067
69230 Hermes,632.504504591567,-0.8033324882899034,-2.477752520783787,-0.2723780131425992
69230 Hermes,636.408853385342,-0.7764986974807616,-2.4786214560864677,-0.2711265203096958
69230 Hermes,640.3132021791172,-0.7494682487841926,-2.4788626179360302,-0.2698063583385436
69230 Hermes,644.2175509728922,-0.7222462740976358,-2.478470273209382,-0.2684172442652244
69230 Hermes,648.1218997666673,-0.6948379708765313,-2.477438481944858,-0.2669588789762564
69230 Hermes,652.0262485604425,-0.6672486104547537,-2.4757610898293594,-0.265430946917047
69230 Hermes,655.9305973542175,-0.6394835467762502,-2.473431720291591,-0.2638331157838138
69230 Hermes,659.8349461479927,-0.6115482255785504,-2.470443766176917,-0.26216503619870074
69230 Hermes,663.7392949417678,-0.5834481940724413,-2.4667903809777174,-0.260426341367837
69230 Hermes,667.6436437355428,-0.5551891111659278,-2.4624644695913074,-0.25861664672210877
69230 Hermes,671.547992529318,-0.5267767582849618,-2.4574586785755352,-0.2567355495404476
69230 Hermes,675.452341323093,-0.4982170508484154,-2.4517653858700887,-0.2547826285554899
69230 Hermes,679.3566901168682,-0.46951605046001277,-2.445376689949266,-0.2527574435415116
69230 Hermes,683.2610389106433,-0.4406799778862236,-2.4382843983695603,-0.25065953488462545
69230 Hermes,687.1653877044184,-0.41171522689577944,-2.4304800156727784,-0.24848842313531605
69230 Hermes,691.0697364981935,-0.38262837904414215,-2.4219547306026157,-0.2462436085435026
69230 Hermes,694.9740852919685,-0.35342621949480024,-2.4126994025895923,-0.24392457057646377
69230 Hermes,698.8784340857437,-0.3241157539788432,-2.402704547456042,-0.24153076742013133
69230 Hermes,702.7827828795188,-0.29470422700498977,-2.3919603222893695,-0.23906163546446613
69230 Hermes,706.687131673294,-0.2651991414444136,-2.380456509428107,-0.2365165887738905
69230 Hermes,710.591480467069,-0.23560827962834763,-2.368182499501371,-0.23389501854405695
69230 Hermes,714.4958292608441,-0.20593972611176992,-2.355127273458126,-0.23119629254660326
69230 Hermes,718.4001780546192,-0.17620189227398153,-2.3412793835182226,-0.22841975456399588
69230 Hermes,722.3045268483943,-0.14640354294649283,-2.326626932972508,-0.2255647238170998
69230 Hermes,726.2088756421695,-0.11655382528094027,-2.3111575547543617,-0.2226304943887574
69230 Hermes,730.1132244359445,-0.08666230009518727,-2.2948583886999363,-0.21961633464744545
69230 Hermes,734.0175732297197,-0.05673897596441568,-2.2777160574089983,-0.21652148667599871
69230 Hermes,737.9219220234947,-0.02679434635696365,-2.259716640612885,-0.2133451657115193
69230 Hermes,741.8262708172698,0.003160569847919903,-2.2408456479505983,-0.21008655960393569
69230 Hermes,745.730619611045,0.0331141840804442,-2.2210879900485816,-0.20674482830228577
69230 Hermes,749.63496840482,0.0630542896097055,-2.200427947794533,-0.20331910337975131
69230 Hermes,753.5393171985952,0.09296800839680008,-2.178849139690725,-0.19980848761081
69230 Hermes,757.4436659923703,0.12284173272157406,-2.1563344871680714,-0.19621205461668786
69230 Hermes,761.3480147861454,0.15266106095824394,-2.1328661777390305,-0.1925288485987095
69230 Hermes,765.2523635799205,0.18241072678900672,-2.108425625865636,-0.18875788418325498
69230 Hermes,769.1567123736955,0.21207452104515234,-2.082993431419229,-0.18489814640700422
69230 Hermes,773.0610611674707,0.24163520524941962,-2.0565493356116935,-0.18094859087720624
69230 Hermes,776.9654099612458,0.27107441579920344,-2.0290721742849898,-0.17690814414902842
69230 Hermes,1.0,0.2785926418752289,-2.0218657608799897,-0.1758585324792827
69230 Hermes,7.0,0.3234881761665418,-1.9771520640239757,-0.1694330747852762
69230 Hermes,30.0,0.49084233894289786,-1.7809049687046443,-0.14270688774414533
69230 Hermes,180.0,0.10373035556959226,0.6243789321175338,0.06373430243404213
